"Make","Model"
"International","100"
"International","1000A"
"International","1000B"
"International","1000C"
"International","1000D"
"International","1010"
"International","1100A"
"International","1100B"
"International","1100C"
"International","1100D"
"International","1110"
"International","1200"
"International","1200A"
"International","1200B"
"International","1200C"
"International","1200D"
"International","1210"
"International","1300A"
"International","1300B"
"International","1300C"
"International","1300D"
"International","1310"
"International","21"
"International","4200"
"International","900A"
"International","908B"
"International","908C"
"International","A"
"International","A Series"
"International","A-1"
"International","AA"
"International","AW"
"International","AW-1"
"International","B Series"
"International","B-100"
"International","B-102"
"International","B-110"
"International","B-112"
"International","B-120"
"International","B-122"
"International","B-130"
"International","B-132"
"International","C Series"
"International","C-1"
"International","C-10"
"International","C-100"
"International","C-1000"
"International","C-102"
"International","C-110"
"International","C-1100"
"International","C-112"
"International","C-12"
"International","C-120"
"International","C-1200"
"International","C-122"
"International","C-130"
"International","C-1300"
"International","C-132"
"International","C-15"
"International","C-5"
"International","C-900"
"International","CF500"
"International","CF600"
"International","CM-75"
"International","CXT"
"International","D Series"
"International","D-1"
"International","D-1000"
"International","D-1100"
"International","D-1200"
"International","D-1300"
"International","D-15"
"International","D-2"
"International","D-2M"
"International","D-5"
"International","D-900"
"International","D15H"
"International","D15L"
"International","D15LL"
"International","D15M"
"International","D29"
"International","E"
"International","F"
"International","H"
"International","K Series"
"International","K-1"
"International","K-1M"
"International","K-2"
"International","K-3"
"International","K-3M"
"International","KB Series"
"International","KB-1"
"International","KB-1M"
"International","KB-2"
"International","KB-3"
"International","KB-3M"
"International","KM-1"
"International","KM-3"
"International","L Series"
"International","L-110"
"International","L-111"
"International","L-112"
"International","L-120"
"International","L-121"
"International","L-122"
"International","L-150"
"International","L-151"
"International","L-153"
"International","L-160"
"International","LM Series"
"International","LM-120"
"International","LM-121"
"International","LM-122"
"International","LM-150"
"International","M Series"
"International","M"
"International","M-2"
"International","M-3"
"International","MA"
"International","Metro"
"International","MW"
"International","MXT"
"International","R Series"
"International","R-100"
"International","R-110"
"International","R-120"
"International","R-130"
"International","RA-120"
"International","RM-120"
"International","RXT"
"International","S Series"
"International","S"
"International","S-100"
"International","S-110"
"International","S-120"
"International","S-130"
"International","SA-120"
"International","Scout"
"International","Scout 80"
"International","Scout 800"
"International","Scout 800A"
"International","Scout 800B"
"International","Scout II"
"International","Series 100"
"International","Series 150"
"International","Series 200"
"International","SM-120"
"International","SM-130"
"International","Terra"
"International","Travelall"
"Dodge","100"
"Dodge","150"
"Dodge","200 Pickup"
"Dodge","2000GTX"
"Dodge","24"
"Dodge","250"
"Dodge","300 Pickup"
"Dodge","330"
"Dodge","350"
"Dodge","3500"
"Dodge","400"
"Dodge","440"
"Dodge","600"
"Dodge","880"
"Dodge","A100"
"Dodge","Aries"
"Dodge","Aspen"
"Dodge","Avenger"
"Dodge","B-Series Truck"
"Dodge","B-Series Van"
"Dodge","B150"
"Dodge","B1500"
"Dodge","B250"
"Dodge","B2500"
"Dodge","B300"
"Dodge","B350"
"Dodge","B3500"
"Dodge","Brothers"
"Dodge","C Series"
"Dodge","C/V"
"Dodge","Caliber"
"Dodge","Canopy"
"Dodge","Caravan"
"Dodge","Challenger"
"Dodge","Charger"
"Dodge","Colt"
"Dodge","Commercial"
"Dodge","Conquest"
"Dodge","Coronet"
"Dodge","Crestwood"
"Dodge","Custom"
"Dodge","Custom 880"
"Dodge","Custom Royal"
"Dodge","D-Series"
"Dodge","D100"
"Dodge","D150"
"Dodge","D250"
"Dodge","D350"
"Dodge","D50"
"Dodge","D/W Truck"
"Dodge","Dakota"
"Dodge","Dart"
"Dodge","Daytona"
"Dodge","Delivery"
"Dodge","Deluxe"
"Dodge","Demon"
"Dodge","Diplomat"
"Dodge","Dodge Classics"
"Dodge","D2"
"Dodge","D5"
"Dodge","D8"
"Dodge","DA"
"Dodge","DB"
"Dodge","DC"
"Dodge","DD"
"Dodge","DG"
"Dodge","DH"
"Dodge","DI"
"Dodge","DK"
"Dodge","DO"
"Dodge","DP"
"Dodge","DR"
"Dodge","DS"
"Dodge","DU"
"Dodge","DRXX"
"Dodge","Durango"
"Dodge","Duster"
"Dodge","Dynasty"
"Dodge","Express 1500"
"Dodge","Fargo"
"Dodge","Fast Four"
"Dodge","Four Roadster"
"Dodge","Grand Caravan"
"Dodge","Hornet"
"Dodge","Intrepid"
"Dodge","Journey"
"Dodge","Lancer"
"Dodge","M-37"
"Dodge","Magnum"
"Dodge","Matador"
"Dodge","Meadowbrook"
"Dodge","Mini RAM"
"Dodge","Mirada"
"Dodge","Model 30"
"Dodge","Model 30-35"
"Dodge","Monaco"
"Dodge","Neon"
"Dodge","Nitro"
"Dodge","Omni"
"Dodge","Panel"
"Dodge","Phoenix"
"Dodge","Pioneer"
"Dodge","Platform"
"Dodge","Polara"
"Dodge","Power RAM"
"Dodge","Power Wagon"
"Dodge","Raider"
"Dodge","Ram Cargo"
"Dodge","Ram Chassis 3500"
"Dodge","Ram Truck"
"Dodge","RAM 100"
"Dodge","RAM 150"
"Dodge","RAM 1500"
"Dodge","RAM 250"
"Dodge","RAM 2500"
"Dodge","RAM 350"
"Dodge","RAM 3500"
"Dodge","RAM 4500"
"Dodge","RAM 50"
"Dodge","RAM 5500"
"Dodge","RAM Van"
"Dodge","RAM Van 150"
"Dodge","RAM Van 1500"
"Dodge","RAM Van 250"
"Dodge","RAM Van 2500"
"Dodge","RAM Van 350"
"Dodge","RAM Van 3500"
"Dodge","RAM Wagon"
"Dodge","RAM Wagon 1500"
"Dodge","RAM Wagon 2500"
"Dodge","RAM Wagon 3500"
"Dodge","RAMcharger"
"Dodge","RAMpage"
"Dodge","RE31"
"Dodge","Royal"
"Dodge","Screen"
"Dodge","Seneca"
"Dodge","Senior"
"Dodge","Series 116"
"Dodge","Series 126"
"Dodge","Shadow"
"Dodge","Special"
"Dodge","Special Series"
"Dodge","Spirit"
"Dodge","Sprinter"
"Dodge","Sprinter 2500"
"Dodge","Sprinter 3500"
"Dodge","Sprinter Cargo"
"Dodge","St. Regis"
"Dodge","Stake"
"Dodge","Standard"
"Dodge","Station Wagon"
"Dodge","Stealth"
"Dodge","Stratus"
"Dodge","Sundance"
"Dodge","Super Bee"
"Dodge","SX 2.0"
"Dodge","Town Panel"
"Dodge","Van"
"Dodge","Victory"
"Dodge","Viper"
"Dodge","W-Series"
"Dodge","W100"
"Dodge","W150"
"Dodge","W250"
"Dodge","W350"
"Dodge","Wayfarer"
"Dodge","WC Series"
"Yugo","Cabrio"
"Yugo","GV"
"Yugo","Yugo 45"
"Yugo","Yugo 55"
"Yugo","Yugo 65"
"Maserati","228"
"Maserati","3200 GT"
"Maserati","3500"
"Maserati","430"
"Maserati","Biturbo"
"Maserati","Bora"
"Maserati","Coupe"
"Maserati","Ghibli"
"Maserati","Grancabrio"
"Maserati","GranSport"
"Maserati","GranSport Spyder"
"Maserati","GranTurismo"
"Maserati","Grecale"
"Maserati","Indy"
"Maserati","Khamsin"
"Maserati","Kyalami"
"Maserati","Levante"
"Maserati","MC20"
"Maserati","Merak"
"Maserati","Mexico"
"Maserati","Mistral"
"Maserati","Quattroporte"
"Maserati","Sebring"
"Maserati","Spyder"
"Maserati","TC"
"Triumph","1200"
"Triumph","1500"
"Triumph","1800"
"Triumph","2000"
"Triumph","GT6"
"Triumph","Herald"
"Triumph","Mayflower"
"Triumph","Spitfire"
"Triumph","Stag"
"Triumph","TR"
"Triumph","TR2"
"Triumph","TR250"
"Triumph","TR3"
"Triumph","TR4"
"Triumph","TR6"
"Triumph","TR7"
"Triumph","TR8"
"Triumph","Vitesse"
"AM General","Hummer"
"AM General","Humvee"
"AM General","M151A2"
"AM General","MV-1"
"Nash","220"
"Nash","40"
"Nash","400"
"Nash","600"
"Nash","660"
"Nash","680"
"Nash","690"
"Nash","870"
"Nash","880"
"Nash","960"
"Nash","970"
"Nash","Ajax"
"Nash","Ambassador"
"Nash","Ambassador 6"
"Nash","Ambassador Super 8"
"Nash","DeLuxe"
"Nash","Eight Series"
"Nash","Advanced Eight"
"Nash","Special Eight"
"Nash","Standard Eight"
"Nash","Lafayette"
"Nash","Lafayette 400"
"Nash","Metropolitan"
"Nash","Nash-Healey"
"Nash","Rambler"
"Nash","Rebel"
"Nash","Six Series"
"Nash","Advanced Six"
"Nash","Big Six"
"Nash","Light Six"
"Nash","Single Six"
"Nash","Special Six"
"Nash","Standard Six"
"Nash","Twin Ignition Six"
"Nash","Statesman"
"Nash","Super"
"Nash","Twin Ignition"
"Koenigsegg","Agera"
"Koenigsegg","Agera R"
"Koenigsegg","Agera RS"
"Koenigsegg","Agera S"
"Koenigsegg","One:1"
"Koenigsegg","CCX"
"Koenigsegg","CCXR"
"Koenigsegg","Gemera"
"Koenigsegg","Jesko"
"Koenigsegg","Regera"
"Jeep","Cherokee"
"Jeep","CJ"
"Jeep","CJ-10"
"Jeep","CJ-10A"
"Jeep","CJ-2A"
"Jeep","CJ-3B"
"Jeep","CJ-5"
"Jeep","CJ-6"
"Jeep","CJ-7"
"Jeep","CJ-8"
"Jeep","Comanche"
"Jeep","Commander"
"Jeep","Commando"
"Jeep","Compass"
"Jeep","DJ5"
"Jeep","FC-150"
"Jeep","Forward Control"
"Jeep","Gladiator"
"Jeep","Grand Cherokee"
"Jeep","Grand Cherokee L"
"Jeep","Grand Wagoneer"
"Jeep","Grand Wagoneer L"
"Jeep","J Series"
"Jeep","J10"
"Jeep","J20"
"Jeep","J2000"
"Jeep","J3000"
"Jeep","J4000"
"Jeep","Jeepster"
"Jeep","Jeepster Commando"
"Jeep","Liberty"
"Jeep","Patriot"
"Jeep","Renegade"
"Jeep","Wagoneer"
"Jeep","Wagoneer S"
"Jeep","Wrangler"
"Jeep","Wrangler Unlimited"
"Hino","145"
"Hino","155"
"Hino","165"
"Hino","185"
"Hino","195 Commercial"
"Hino","258"
"Hino","268"
"Hino","308"
"Hino","338"
"Auburn","Model  6-76"
"Auburn","Model 115"
"Auburn","Model 12-160"
"Auburn","Model 12-161"
"Auburn","Model 12-165"
"Auburn","Model 120"
"Auburn","Model 125"
"Auburn","Model 1250"
"Auburn","Model 30L"
"Auburn","Model 33L"
"Auburn","Model 33M"
"Auburn","Model 35L"
"Auburn","Model 4-36"
"Auburn","Model 4-38"
"Auburn","Model 4-40"
"Auburn","Model 4-41"
"Auburn","Model 4-43"
"Auburn","Model 4-44"
"Auburn","Model 40A"
"Auburn","Model 40H"
"Auburn","Model 40L"
"Auburn","Model 40M"
"Auburn","Model 40N"
"Auburn","Model 45"
"Auburn","Model 45B"
"Auburn","Model 50"
"Auburn","Model 6-38"
"Auburn","Model 6-39"
"Auburn","Model 6-40"
"Auburn","Model 6-43"
"Auburn","Model 6-44"
"Auburn","Model 6-45"
"Auburn","Model 6-47"
"Auburn","Model 6-50"
"Auburn","Model 6-51"
"Auburn","Model 6-52"
"Auburn","Model 6-63"
"Auburn","Model 6-653"
"Auburn","Model 6-654"
"Auburn","Model 6-66"
"Auburn","Model 6-80"
"Auburn","Model 6-85"
"Auburn","Model 76"
"Auburn","Model 8-100"
"Auburn","Model 8-101"
"Auburn","Model 8-105"
"Auburn","Model 8-36"
"Auburn","Model 8-77"
"Auburn","Model 8-851"
"Auburn","Model 8-852"
"Auburn","Model 8-88"
"Auburn","Model 8-90"
"Auburn","Model 8-95"
"Auburn","Model 8-98"
"Auburn","Model 850"
"Auburn","Model 88"
"Auburn","Model A"
"Auburn","Model B"
"Auburn","Model C"
"Auburn","Model D"
"Auburn","Model F"
"Auburn","Model G"
"Auburn","Model H"
"Auburn","Model K"
"Auburn","Model L"
"Auburn","Model M"
"Auburn","Model N"
"Auburn","Model R"
"Auburn","Model S"
"Auburn","Model T"
"Auburn","Model X"
"Auburn","Model Y"
"Auburn","Speedster"
"Polestar","Polestar 1"
"Polestar","Polestar 2"
"Polestar","Polestar 3"
"Panoz","AIV Roadster"
"Panoz","Esperante"
"Panoz","Roadster"
"Hudson","Big Boy"
"Hudson","Big Six"
"Hudson","Challenger Eight"
"Hudson","Commodore"
"Hudson","Commodore Six"
"Hudson","Country Club"
"Hudson","Country Club Eight"
"Hudson","Custom"
"Hudson","Custom Eight"
"Hudson","Custom Six"
"Hudson","Delivery"
"Hudson","DeLuxe"
"Hudson","DeLuxe Eight"
"Hudson","DeLuxe Six"
"Hudson","Eight"
"Hudson","Great Eight"
"Hudson","Greater Eight"
"Hudson","Special Eight"
"Hudson","Greater Hudson"
"Hudson","Hornet"
"Hudson","Italia"
"Hudson","Jet"
"Hudson","Jet Liner"
"Hudson","Model 20"
"Hudson","Model 33"
"Hudson","Model 37"
"Hudson","Model 40"
"Hudson","Model 54"
"Hudson","Pacemaker"
"Hudson","Panel"
"Hudson","Series 92"
"Hudson","Six"
"Hudson","Standard"
"Hudson","Standard Eight"
"Hudson","Standard Six"
"Hudson","Super"
"Hudson","Super Custom"
"Hudson","Super Eight"
"Hudson","Super Jet"
"Hudson","Super Six"
"Hudson","Traveler"
"Hudson","Utility"
"Hudson","Wasp"
"Aston Martin","DB"
"Aston Martin","DB AR1"
"Aston Martin","DB Mark III"
"Aston Martin","DB11"
"Aston Martin","DB12"
"Aston Martin","DB2"
"Aston Martin","DB2/4"
"Aston Martin","DB4"
"Aston Martin","DB4GT"
"Aston Martin","DB5"
"Aston Martin","DB6"
"Aston Martin","DB7"
"Aston Martin","DB7 Vantage"
"Aston Martin","DB9"
"Aston Martin","DBS"
"Aston Martin","DBX"
"Aston Martin","Lagonda"
"Aston Martin","Rapide"
"Aston Martin","Rapide S"
"Aston Martin","V-8"
"Aston Martin","V12 Vanquish"
"Aston Martin","V12 Vantage"
"Aston Martin","V12 Vantage S"
"Aston Martin","V8 Vantage"
"Aston Martin","V8 Vantage S"
"Aston Martin","Valhalla"
"Aston Martin","Valkyrie"
"Aston Martin","Vanquish"
"Aston Martin","Vanquish S"
"Aston Martin","Vantage"
"Aston Martin","Vantage S"
"Aston Martin","Victor"
"Aston Martin","Virage"
"Nissan","180SX"
"Nissan","200SX"
"Nissan","210"
"Nissan","240SX"
"Nissan","240Z"
"Nissan","2600"
"Nissan","280ZX"
"Nissan","300ZX"
"Nissan","310"
"Nissan","350Z"
"Nissan","370Z"
"Nissan","720"
"Nissan","Altima"
"Nissan","Altra-EV"
"Nissan","Ariya"
"Nissan","Armada"
"Nissan","Axxess"
"Nissan","Caravan"
"Nissan","Cedric"
"Nissan","Cima"
"Nissan","Cube"
"Nissan","D21 (Hardbody)"
"Nissan","Elgrand"
"Nissan","Fairlady Z"
"Nissan","Figaro"
"Nissan","Frontier"
"Nissan","Gloria"
"Nissan","GT-R"
"Nissan","Juke"
"Nissan","Kicks"
"Nissan","Kicks Play"
"Nissan","Leaf"
"Nissan","Leopard"
"Nissan","Maxima"
"Nissan","Micra"
"Nissan","Murano"
"Nissan","Murano CrossCabriolet"
"Nissan","NV Cargo"
"Nissan","NV Passenger"
"Nissan","NV200"
"Nissan","NX"
"Nissan","Pao"
"Nissan","Pathfinder"
"Nissan","Pathfinder Armada"
"Nissan","Patrol"
"Nissan","President"
"Nissan","EXA"
"Nissan","Pulsar"
"Nissan","Qashqai"
"Nissan","Quest"
"Nissan","Rasheen"
"Nissan","Rogue"
"Nissan","Rogue Select"
"Nissan","Rogue Sport"
"Nissan","S-Cargo"
"Nissan","Sentra"
"Nissan","Sentra Classic"
"Nissan","Silvia"
"Nissan","Skyline"
"Nissan","Stagea"
"Nissan","Stanza"
"Nissan","Titan"
"Nissan","Titan XD"
"Nissan","Van"
"Nissan","Vanette"
"Nissan","Versa"
"Nissan","Versa Note"
"Nissan","X-Trail"
"Nissan","Xterra"
"Nissan","Z"
"Opel","1900"
"Opel","Ampera"
"Opel","Ampera-e"
"Opel","Ampera-e EV"
"Opel","Caravan"
"Opel","GT"
"Opel","Isuzu"
"Opel","Kadett"
"Opel","Kapitan"
"Opel","Manta"
"Opel","Olympia"
"Opel","Olympia Rekord"
"Opel","Rallye"
"Opel","Roadster"
"Opel","Sintra"
"Opel","Sport Series"
"Genesis","G70"
"Genesis","G80"
"Genesis","G90"
"Genesis","GV60"
"Genesis","GV70"
"Genesis","GV80"
"Desoto","Adventurer"
"Desoto","Airflow"
"Desoto","Airflow III"
"Desoto","Airstream"
"Desoto","CF"
"Desoto","CK"
"Desoto","Custom"
"Desoto","DeLuxe"
"Desoto","Firedome"
"Desoto","Fireflite"
"Desoto","Firesweep"
"Desoto","Model K"
"Desoto","Powermaster"
"Desoto","S-5"
"Desoto","SA"
"Desoto","SC"
"Desoto","Six"
"Eagle","2000 GTX"
"Eagle","Medallion"
"Eagle","Premier"
"Eagle","Summit"
"Eagle","Talon"
"Eagle","Vision"
"Eagle","Vista"
"Shelby","Charger"
"Shelby","Cobra"
"Shelby","CSX4000"
"Shelby","Daytona"
"Shelby","GT"
"Shelby","GT350"
"Shelby","GT500"
"Shelby","Series 1"
"Acura","3.5 RL"
"Acura","ADX"
"Acura","2.2CL"
"Acura","2.3CL"
"Acura","3.0CL"
"Acura","3.2CL"
"Acura","CL"
"Acura","CSX"
"Acura","EL"
"Acura","ILX"
"Acura","Integra"
"Acura","Legend"
"Acura","MDX"
"Acura","NSX"
"Acura","RDX"
"Acura","RL"
"Acura","RLX"
"Acura","RSX"
"Acura","SLX"
"Acura","2.5TL"
"Acura","3.2TL"
"Acura","TL"
"Acura","TLX"
"Acura","TSX"
"Acura","Vigor"
"Acura","ZDX"
"Mercury","114"
"Mercury","Bobcat"
"Mercury","Brougham"
"Mercury","Capri"
"Mercury","Colony Park"
"Mercury","Comet"
"Mercury","Commuter"
"Mercury","Cougar"
"Mercury","Custom"
"Mercury","Cyclone"
"Mercury","Eight"
"Mercury","F3"
"Mercury","Grand Marquis"
"Mercury","Lead Sled"
"Mercury","LN7"
"Mercury","Lynx"
"Mercury","M-1"
"Mercury","M-100"
"Mercury","M74"
"Mercury","Marauder"
"Mercury","Mariner"
"Mercury","Marquis"
"Mercury","Medalist"
"Mercury","Meteor"
"Mercury","Milan"
"Mercury","Monarch"
"Mercury","Montclair"
"Mercury","Montego"
"Mercury","Monterey"
"Mercury","Mountaineer"
"Mercury","Mystique"
"Mercury","Parklane"
"Mercury","S-55"
"Mercury","Sable"
"Mercury","Series 09A"
"Mercury","Series 19A"
"Mercury","Series 29A"
"Mercury","Series 2CM"
"Mercury","Series 2M"
"Mercury","Series 79M"
"Mercury","Series 89M"
"Mercury","Series 99A"
"Mercury","Series 9CM"
"Mercury","Series OCM"
"Mercury","Topaz"
"Mercury","Tracer"
"Mercury","Turnpike Cruiser"
"Mercury","Villager"
"Mercury","Voyager"
"Mercury","Zephyr"
"AMC","Ambassador"
"AMC","AMX"
"AMC","Concord"
"AMC","Eagle"
"AMC","Gremlin"
"AMC","Hornet"
"AMC","Javelin"
"AMC","Marlin"
"AMC","Matador"
"AMC","Metropolitan"
"AMC","Pacer"
"AMC","Rambler"
"AMC","Rebel"
"AMC","Spirit"
"Checker","Marathon"
"Checker","Superba"
"Packard","110"
"Packard","115C"
"Packard","120"
"Packard","1200"
"Packard","1201"
"Packard","1202"
"Packard","1207"
"Packard","1208"
"Packard","138CD"
"Packard","1400"
"Packard","1401"
"Packard","1402"
"Packard","1403"
"Packard","1407"
"Packard","1408"
"Packard","1506"
"Packard","1507"
"Packard","1508"
"Packard","160"
"Packard","1600"
"Packard","1601"
"Packard","1601D"
"Packard","1602"
"Packard","1603"
"Packard","1607"
"Packard","1607-8 V-12"
"Packard","1608"
"Packard","1700"
"Packard","1701"
"Packard","1707"
"Packard","1708"
"Packard","180"
"Packard","200"
"Packard","2010"
"Packard","2011"
"Packard","2021"
"Packard","2201"
"Packard","2211"
"Packard","2301"
"Packard","250"
"Packard","300"
"Packard","400"
"Packard","626"
"Packard","633"
"Packard","640"
"Packard","645"
"Packard","726"
"Packard","733"
"Packard","734"
"Packard","740"
"Packard","745"
"Packard","826"
"Packard","833"
"Packard","840"
"Packard","900"
"Packard","901"
"Packard","902"
"Packard","904"
"Packard","905"
"Packard","906"
"Packard","Caribbean"
"Packard","Cavalier"
"Packard","Clipper"
"Packard","Custom"
"Packard","Custom 12"
"Packard","Custom Eight"
"Packard","Deluxe"
"Packard","Dietrich"
"Packard","Eight Series"
"Packard","Eight"
"Packard","Single Eight"
"Packard","Super Eight"
"Packard","Executive"
"Packard","Hawk"
"Packard","LeBaron"
"Packard","Model 1-38"
"Packard","Model 1-48"
"Packard","Model 18"
"Packard","Model 2-38"
"Packard","Model 24"
"Packard","Model 3-38"
"Packard","Model 3-48"
"Packard","Model 30"
"Packard","Model 4-48"
"Packard","Model 5-48"
"Packard","Model A"
"Packard","Model B"
"Packard","Model C"
"Packard","Model F"
"Packard","Model K"
"Packard","Model L"
"Packard","Model N"
"Packard","Model NA"
"Packard","Model S"
"Packard","Model U"
"Packard","Model UA"
"Packard","Pacific"
"Packard","Packard"
"Packard","Patrician"
"Packard","Six Series"
"Packard","Single Six"
"Packard","Six"
"Packard","Standard"
"Packard","Super"
"Packard","Twelve"
"Packard","Twin Six"
"Qvale","Mangusta"
"Ford","500 XL"
"Ford","Aerostar"
"Ford","Allegro"
"Ford","Anglia"
"Ford","Aspire"
"Ford","Bronco"
"Ford","Bronco II"
"Ford","Bronco Sport"
"Ford","C-Max"
"Ford","C-Max Energi"
"Ford","Capri"
"Ford","Cobra"
"Ford","Consul"
"Ford","Contour"
"Ford","Cortina"
"Ford","Cougar"
"Ford","Country Sedan"
"Ford","Country Squire"
"Ford","Courier"
"Ford","Crestline"
"Ford","Crestliner"
"Ford","Crown Victoria"
"Ford","Custom"
"Ford","Custom 300"
"Ford","Custom 500"
"Ford","Custom Deluxe"
"Ford","Customline"
"Ford","Deluxe"
"Ford","E-Series"
"Ford","E-100"
"Ford","E-150"
"Ford","E-250"
"Ford","E-350"
"Ford","E-450"
"Ford","E-550"
"Ford","E-Transit"
"Ford","EcoSport"
"Ford","Edge"
"Ford","Elite"
"Ford","Escape"
"Ford","Escort"
"Ford","Excursion"
"Ford","EXP"
"Ford","Expedition"
"Ford","Expedition EL"
"Ford","Expedition Max"
"Ford","Explorer"
"Ford","Explorer Sport"
"Ford","Explorer Sport Trac"
"Ford","Explorer X"
"Ford","F-100"
"Ford","F-150"
"Ford","F-150 Heritage"
"Ford","F-150 Lightning"
"Ford","F-150 Raptor"
"Ford","F-150 SVT Lightning"
"Ford","F-250"
"Ford","F-250 Super Duty"
"Ford","F-350"
"Ford","F-350 Super Duty"
"Ford","F-450"
"Ford","F-450 Super Duty"
"Ford","F-530"
"Ford","F-550"
"Ford","F-600"
"Ford","F-650"
"Ford","F-700"
"Ford","F-750"
"Ford","F-800"
"Ford","F-850"
"Ford","F-Series"
"Ford","F-Super Duty"
"Ford","F1"
"Ford","F2"
"Ford","F3"
"Ford","Fairlane"
"Ford","Fairlane 500"
"Ford","Fairlane 500 XL"
"Ford","Fairlane GT"
"Ford","Fairline"
"Ford","Fairmont"
"Ford","Fairmont Futura"
"Ford","Falcon"
"Ford","Festiva"
"Ford","Fiesta"
"Ford","Fiesta ST"
"Ford","Five Hundred"
"Ford","Flex"
"Ford","Focus"
"Ford","Focus Electric"
"Ford","Focus RS"
"Ford","Focus ST"
"Ford","Focus SVT"
"Ford","Freestar"
"Ford","Freestyle"
"Ford","Fusion"
"Ford","Fusion Energi"
"Ford","Futura"
"Ford","Galaxie"
"Ford","Galaxie 500"
"Ford","Galaxie 500 XL"
"Ford","Galaxie LTD"
"Ford","Galaxie Special"
"Ford","Gran Sport"
"Ford","Gran Torino"
"Ford","Granada"
"Ford","GT"
"Ford","GT40"
"Ford","Heavy Duty"
"Ford","Intruder"
"Ford","Laser"
"Ford","LCF"
"Ford","LTD"
"Ford","LTD Brougham"
"Ford","LTD II"
"Ford","LTD II Brougham"
"Ford","LTD Landau"
"Ford","Mainline"
"Ford","Maverick"
"Ford","Medium Duty"
"Ford","Meteor"
"Ford","Model 01A"
"Ford","Model 022A"
"Ford","Model 11A"
"Ford","Model 18"
"Ford","Model 1BA"
"Ford","Model 1HA"
"Ford","Model 21A"
"Ford","Model 2GA"
"Ford","Model 40"
"Ford","Model 48"
"Ford","Model 67"
"Ford","Model 68"
"Ford","Model 74"
"Ford","Model 78"
"Ford","Model 79A"
"Ford","Model 7GA-7HA"
"Ford","Model 81A"
"Ford","Model 82A"
"Ford","Model 87HA"
"Ford","Model 89A"
"Ford","Model 91A"
"Ford","Model 922A"
"Ford","Model 98 BA"
"Ford","Model 98 HA"
"Ford","Model A"
"Ford","Model A Truck"
"Ford","Model AA"
"Ford","Model B"
"Ford","Model BB"
"Ford","Model C"
"Ford","Model F"
"Ford","Model K"
"Ford","Model N"
"Ford","Model R"
"Ford","Model S"
"Ford","Model T"
"Ford","Mustang"
"Ford","Mustang GTD"
"Ford","Mustang Mach E"
"Ford","Panel"
"Ford","Parklane"
"Ford","Phaeton"
"Ford","Pinto"
"Ford","Police Interceptor Sedan"
"Ford","Police Interceptor Utility"
"Ford","Probe"
"Ford","Ranch"
"Ford","Ranchero"
"Ford","Ranger"
"Ford","Roadster"
"Ford","Sierra"
"Ford","Squire"
"Ford","Starliner"
"Ford","Super Deluxe"
"Ford","T"
"Ford","Taurus"
"Ford","Taurus X"
"Ford","Tempo"
"Ford","Think Neighbor"
"Ford","Thunderbird"
"Ford","Torino"
"Ford","Torino 500"
"Ford","Torino Brougham"
"Ford","Torino Cobra"
"Ford","Torino GT"
"Ford","Transit"
"Ford","Transit Connect"
"Ford","Van"
"Ford","Victoria"
"Ford","Windstar"
"Ford","Windstar Cargo"
"Ford","ZX2"
"Hyundai","Accent"
"Hyundai","Azera"
"Hyundai","Elantra"
"Hyundai","Elantra Coupe"
"Hyundai","Elantra GT"
"Hyundai","Elantra N"
"Hyundai","Elantra Touring"
"Hyundai","Entourage"
"Hyundai","Equus"
"Hyundai","Excel"
"Hyundai","Genesis"
"Hyundai","Genesis Coupe"
"Hyundai","Ioniq"
"Hyundai","Ioniq 5"
"Hyundai","Ioniq 5 N"
"Hyundai","Ioniq 6"
"Hyundai","Ioniq 9"
"Hyundai","Ioniq Electric"
"Hyundai","Ioniq Hybrid"
"Hyundai","Ioniq Plug-in Hybrid"
"Hyundai","Kona"
"Hyundai","Kona Electric"
"Hyundai","Kona N"
"Hyundai","Legacy"
"Hyundai","Nexo"
"Hyundai","Palisade"
"Hyundai","Pony"
"Hyundai","Santa Cruz"
"Hyundai","Santa Fe"
"Hyundai","Santa Fe Sport"
"Hyundai","Santa Fe XL"
"Hyundai","Scoupe"
"Hyundai","Sonata"
"Hyundai","Stellar"
"Hyundai","Tiburon"
"Hyundai","Tucson"
"Hyundai","Tucson Fuel Cell"
"Hyundai","Veloster"
"Hyundai","Veloster N"
"Hyundai","Veloster Turbo"
"Hyundai","Venue"
"Hyundai","Veracruz"
"Hyundai","XG300"
"Hyundai","XG350"
"Peugeot","205"
"Peugeot","304"
"Peugeot","403"
"Peugeot","404"
"Peugeot","405"
"Peugeot","504"
"Peugeot","505"
"Peugeot","604"
"Peugeot","Liberte"
"Morris","Mini"
"Morris","Minor"
"HUMMER","EV Pickup"
"HUMMER","H1"
"HUMMER","H1 Alpha"
"HUMMER","H2"
"HUMMER","H2 SUT"
"HUMMER","H3"
"HUMMER","H3T"
"Kia","Amanti"
"Kia","Borrego"
"Kia","Cadenza"
"Kia","Carnival"
"Kia","EV6"
"Kia","EV9"
"Kia","Forte"
"Kia","Forte5"
"Kia","K4"
"Kia","K5"
"Kia","K900"
"Kia","Magentis"
"Kia","Niro"
"Kia","Niro EV"
"Kia","Optima"
"Kia","Rio"
"Kia","Rio5"
"Kia","Rondo"
"Kia","Sedona"
"Kia","Seltos"
"Kia","Sephia"
"Kia","Sorento"
"Kia","Soul"
"Kia","Soul EV"
"Kia","Spectra"
"Kia","Spectra5"
"Kia","Sportage"
"Kia","Stinger"
"Kia","Telluride"
"Sunbeam","Alpine"
"Sunbeam","Rapier"
"Sunbeam","Talbot"
"Sunbeam","Tiger"
"Daihatsu","Charade"
"Daihatsu","Hijet"
"Daihatsu","Midget"
"Daihatsu","Mira"
"Daihatsu","Move"
"Daihatsu","Rocky"
"Daihatsu","Terios"
"Caterham","Classic"
"Caterham","CSR"
"Caterham","Roadsport"
"Caterham","Seven 160"
"Caterham","Seven 620"
"Caterham","Super Seven"
"Caterham","Superlight"
"Caterham","Supersport"
"Daewoo","G2X"
"Daewoo","Lanos"
"Daewoo","Leganza"
"Daewoo","Leganza V-200 & variants/derivatives"
"Daewoo","Nubira"
"DeTomaso","Mangusta"
"DeTomaso","Pantera"
"DeTomaso","Pantera II"
"BMW","1 Series"
"BMW","1 M"
"BMW","128i"
"BMW","135i"
"BMW","135is"
"BMW","1500"
"BMW","1600"
"BMW","1800"
"BMW","2 Series"
"BMW","218d"
"BMW","220d"
"BMW","220i"
"BMW","225d"
"BMW","228i"
"BMW","230i"
"BMW","M2"
"BMW","M235i"
"BMW","M240i"
"BMW","2.6"
"BMW","2000"
"BMW","2002"
"BMW","2500"
"BMW","2600"
"BMW","2800"
"BMW","3 Series"
"BMW","316g"
"BMW","316i"
"BMW","318i"
"BMW","318iC"
"BMW","318iS"
"BMW","318ti"
"BMW","320i"
"BMW","323ci"
"BMW","323i"
"BMW","323is"
"BMW","323iT"
"BMW","325Ci"
"BMW","325e"
"BMW","325es"
"BMW","325i"
"BMW","325ic"
"BMW","325is"
"BMW","325iT"
"BMW","325iX"
"BMW","325xi"
"BMW","328Ci"
"BMW","328d"
"BMW","328i"
"BMW","328iS"
"BMW","328xi"
"BMW","328xiT"
"BMW","330Ci"
"BMW","330e"
"BMW","330i"
"BMW","330 Gran Turismo"
"BMW","330xi"
"BMW","335d"
"BMW","335i"
"BMW","335is"
"BMW","335xi"
"BMW","340i"
"BMW","ActiveHybrid 3"
"BMW","M3"
"BMW","M340i"
"BMW","3.0"
"BMW","3200"
"BMW","327"
"BMW","4 Series"
"BMW","428i"
"BMW","428 Gran Coupe"
"BMW","430i"
"BMW","430i Gran Coupe"
"BMW","435i"
"BMW","435 Gran Coupe"
"BMW","438i"
"BMW","440i"
"BMW","440i Gran Coupe"
"BMW","M4"
"BMW","M440i"
"BMW","5 Series"
"BMW","501"
"BMW","502"
"BMW","503"
"BMW","507"
"BMW","524"
"BMW","524td"
"BMW","525i"
"BMW","525xi"
"BMW","528e"
"BMW","528i"
"BMW","528iT"
"BMW","528xi"
"BMW","530e"
"BMW","530i"
"BMW","530iT"
"BMW","530xi"
"BMW","533i"
"BMW","535d"
"BMW","535i"
"BMW","535i Gran Turismo"
"BMW","535i xDrive"
"BMW","535xi"
"BMW","535xiT"
"BMW","540d"
"BMW","540i"
"BMW","540iT"
"BMW","545i"
"BMW","550e"
"BMW","550i"
"BMW","550i Gran Turismo"
"BMW","ActiveHybrid 5"
"BMW","i5"
"BMW","M5"
"BMW","M550i"
"BMW","6 Series"
"BMW","600"
"BMW","630"
"BMW","633i"
"BMW","635i"
"BMW","640"
"BMW","640 Gran Coupe"
"BMW","640i"
"BMW","640xi"
"BMW","645ci"
"BMW","645i"
"BMW","650i"
"BMW","650 Gran Coupe"
"BMW","650xi"
"BMW","M6"
"BMW","M6 Gran Coupe"
"BMW","7 Series"
"BMW","700"
"BMW","730i"
"BMW","730Ld"
"BMW","733i"
"BMW","735i"
"BMW","735iL"
"BMW","740e"
"BMW","740i"
"BMW","740iL"
"BMW","740Ld"
"BMW","740Li"
"BMW","745e"
"BMW","745i"
"BMW","745Le"
"BMW","745Li"
"BMW","750e"
"BMW","750i"
"BMW","750i xDrive"
"BMW","750iL"
"BMW","750Ld"
"BMW","750Li"
"BMW","750Lxi"
"BMW","750xi"
"BMW","760i"
"BMW","760Li"
"BMW","ActiveHybrid 7"
"BMW","ActiveHybrid 740"
"BMW","ActiveHybrid 750"
"BMW","M760i"
"BMW","M760Li"
"BMW","8 Series"
"BMW","840Ci"
"BMW","840 Gran Coupe"
"BMW","840i"
"BMW","850Ci"
"BMW","850CSi"
"BMW","850i"
"BMW","M8"
"BMW","M850i"
"BMW","Alpina B6 Gran Coupe"
"BMW","Alpina B7"
"BMW","Alpina B8"
"BMW","Alpina Roadster V8"
"BMW","Alpina XB7"
"BMW","Bavaria"
"BMW","i Series"
"BMW","i3"
"BMW","i4"
"BMW","i7"
"BMW","i8"
"BMW","iX"
"BMW","Isetta"
"BMW","L Series"
"BMW","L6"
"BMW","L7"
"BMW","M Coupe"
"BMW","M Roadster"
"BMW","X Series"
"BMW","ActiveHybrid X6"
"BMW","X1"
"BMW","X2"
"BMW","X3"
"BMW","X3 M"
"BMW","X4"
"BMW","X4 M"
"BMW","X5"
"BMW","X5 M"
"BMW","X6"
"BMW","X6 M"
"BMW","X7"
"BMW","XM"
"BMW","Z Series"
"BMW","Z1"
"BMW","Z3"
"BMW","Z3 M"
"BMW","Z4"
"BMW","Z4 M"
"BMW","Z8"
"Delahaye","135M"
"Lexus","CT 200h"
"Lexus","ES 250"
"Lexus","ES 300"
"Lexus","ES 300h"
"Lexus","ES 330"
"Lexus","ES 350"
"Lexus","GS 200t"
"Lexus","GS 300"
"Lexus","GS 350"
"Lexus","GS 400"
"Lexus","GS 430"
"Lexus","GS 450h"
"Lexus","GS 460"
"Lexus","GS F"
"Lexus","GX 460"
"Lexus","GX 470"
"Lexus","GX 550"
"Lexus","HS 250h"
"Lexus","IS 200t"
"Lexus","IS 250"
"Lexus","IS 250C"
"Lexus","IS 300"
"Lexus","IS 350"
"Lexus","IS 350C"
"Lexus","IS 500"
"Lexus","IS C"
"Lexus","IS F"
"Lexus","LC 500"
"Lexus","LC 500h"
"Lexus","LFA"
"Lexus","LS 400"
"Lexus","LS 430"
"Lexus","LS 460"
"Lexus","LS 500"
"Lexus","LS 500h"
"Lexus","LS 600h"
"Lexus","LS 600h L"
"Lexus","LX 450"
"Lexus","LX 470"
"Lexus","LX 570"
"Lexus","LX 600"
"Lexus","LX 700h"
"Lexus","NX 200t"
"Lexus","NX 250"
"Lexus","NX 300"
"Lexus","NX 300h"
"Lexus","NX 350"
"Lexus","NX 450h+"
"Lexus","RC 200t"
"Lexus","RC 300"
"Lexus","RC 350"
"Lexus","RC F"
"Lexus","RX 300"
"Lexus","RX 330"
"Lexus","RX 350"
"Lexus","RX 350h"
"Lexus","RX 350L"
"Lexus","RX 400"
"Lexus","RX 400h"
"Lexus","RX 450h"
"Lexus","RX 450h+"
"Lexus","RX 450hL"
"Lexus","RX 500h"
"Lexus","RZ"
"Lexus","SC 300"
"Lexus","SC 400"
"Lexus","SC 430"
"Lexus","TX"
"Lexus","UX 200"
"Lexus","UX 250h"
"Lexus","UX 300h"
"Isuzu","Amigo"
"Isuzu","Ascender"
"Isuzu","Axiom"
"Isuzu","Heavy Duty"
"Isuzu","Hombre"
"Isuzu","I-Mark"
"Isuzu","I-Series"
"Isuzu","i-280"
"Isuzu","i-290"
"Isuzu","i-350"
"Isuzu","i-370"
"Isuzu","Impulse"
"Isuzu","Medium Duty"
"Isuzu","NPR"
"Isuzu","NQR"
"Isuzu","NRR"
"Isuzu","Oasis"
"Isuzu","Passport"
"Isuzu","Rodeo"
"Isuzu","Rodeo Sport"
"Isuzu","Spacecab"
"Isuzu","Stylus"
"Isuzu","Trooper"
"Isuzu","Trooper II"
"Isuzu","VehiCROSS"
"Studebaker","2R"
"Studebaker","440"
"Studebaker","53"
"Studebaker","54"
"Studebaker","55"
"Studebaker","56"
"Studebaker","61"
"Studebaker","AA35"
"Studebaker","Avanti"
"Studebaker","Challenger"
"Studebaker","Champion"
"Studebaker","Commander"
"Studebaker","Cruiser"
"Studebaker","Daytona"
"Studebaker","Dictator"
"Studebaker","EC"
"Studebaker","ED"
"Studebaker","EG"
"Studebaker","EH"
"Studebaker","EJ"
"Studebaker","EK"
"Studebaker","EL"
"Studebaker","EM"
"Studebaker","EP"
"Studebaker","EQ"
"Studebaker","ER"
"Studebaker","EU"
"Studebaker","GE"
"Studebaker","Hawk Series"
"Studebaker","Flight Hawk"
"Studebaker","Golden Hawk"
"Studebaker","Gran Turismo Hawk"
"Studebaker","Hawk"
"Studebaker","Power Hawk"
"Studebaker","Silver Hawk"
"Studebaker","KL"
"Studebaker","L5"
"Studebaker","Land Cruiser"
"Studebaker","Lark"
"Studebaker","Light Six"
"Studebaker","Model 9502"
"Studebaker","Model 9503"
"Studebaker","Model A"
"Studebaker","Model B"
"Studebaker","Model C"
"Studebaker","Model D"
"Studebaker","Model E"
"Studebaker","Model E-20"
"Studebaker","Model F-284"
"Studebaker","Model G"
"Studebaker","Model G-304"
"Studebaker","Model G-7"
"Studebaker","Model G-8"
"Studebaker","Model H"
"Studebaker","Model L"
"Studebaker","Model M"
"Studebaker","President"
"Studebaker","Regal"
"Studebaker","Rockne"
"Studebaker","SA25"
"Studebaker","Scotsman"
"Studebaker","SD"
"Studebaker","SF"
"Studebaker","SH"
"Studebaker","Skyway"
"Studebaker","Special Six"
"Studebaker","Starlight"
"Studebaker","State Commander"
"Studebaker","State President"
"Studebaker","Transtar"
"Studebaker","Wagonaire"
"MINI","3 Door"
"MINI","5 Door"
"MINI","Clubman"
"MINI","Convertible"
"MINI","Cooper"
"MINI","Countryman"
"MINI","Hardtop"
"MINI","Coupe"
"MINI","Paceman"
"MINI","Roadster"
"Scion","FR-S"
"Scion","iA"
"Scion","iM"
"Scion","iQ"
"Scion","iQ EV"
"Scion","tC"
"Scion","xA"
"Scion","xB"
"Scion","xD"
"Chrysler","200"
"Chrysler","300"
"Chrysler","300 Series"
"Chrysler","50"
"Chrysler","52 Deluxe Coupe"
"Chrysler","Airflow"
"Chrysler","Airstream"
"Chrysler","Aspen"
"Chrysler","Avenger"
"Chrysler","CA"
"Chrysler","Caravan"
"Chrysler","CB"
"Chrysler","CD"
"Chrysler","CG"
"Chrysler","CH"
"Chrysler","CI"
"Chrysler","Cirrus"
"Chrysler","CJ"
"Chrysler","CO"
"Chrysler","Concorde"
"Chrysler","Conquest"
"Chrysler","Cordoba"
"Chrysler","CP"
"Chrysler","Crossfire"
"Chrysler","Crown Imperial"
"Chrysler","CT"
"Chrysler","Daytona"
"Chrysler","Dynasty"
"Chrysler","E Class"
"Chrysler","Executive"
"Chrysler","Fifth Avenue"
"Chrysler","Gem 825"
"Chrysler","Grand Caravan"
"Chrysler","Grand Voyager"
"Chrysler","Highlander"
"Chrysler","Imperial"
"Chrysler","Intrepid"
"Chrysler","Laser"
"Chrysler","LeBaron"
"Chrysler","LeBaron GTS"
"Chrysler","LHS"
"Chrysler","Model B-70"
"Chrysler","Neon"
"Chrysler","New Yorker"
"Chrysler","Newport"
"Chrysler","Pacifica"
"Chrysler","Prowler"
"Chrysler","PT Cruiser"
"Chrysler","Royal"
"Chrysler","Salon"
"Chrysler","Saratoga"
"Chrysler","Sebring"
"Chrysler","Series 52"
"Chrysler","Series 62"
"Chrysler","Series 65"
"Chrysler","Series 66"
"Chrysler","Series 70"
"Chrysler","Series 72"
"Chrysler","Series 75"
"Chrysler","Series 77"
"Chrysler","Series 80-L"
"Chrysler","Series CV"
"Chrysler","Series F"
"Chrysler","Series F-58"
"Chrysler","Series G"
"Chrysler","Series G-70"
"Chrysler","Series H"
"Chrysler","Series I-50"
"Chrysler","Series Six"
"Chrysler","Shadow"
"Chrysler","Spirit"
"Chrysler","Stratus"
"Chrysler","TC"
"Chrysler","Town & Country"
"Chrysler","TR"
"Chrysler","Traveler"
"Chrysler","Viper"
"Chrysler","Vision"
"Chrysler","Voyager"
"Chrysler","Windsor"
"Land Rover","Defender"
"Land Rover","Defender 110"
"Land Rover","Defender 130"
"Land Rover","Defender 90"
"Land Rover","Discovery"
"Land Rover","Discovery Series II"
"Land Rover","Discovery Sport"
"Land Rover","Freelander"
"Land Rover","LR2"
"Land Rover","LR3"
"Land Rover","LR4"
"Land Rover","Range Rover"
"Land Rover","Range Rover Evoque"
"Land Rover","Range Rover Sport"
"Land Rover","Range Rover Velar"
"Land Rover","Series I"
"Land Rover","Series II"
"Land Rover","Series III"
"Karma","Acadia"
"Karma","Equinox"
"Karma","GS-6"
"Karma","Revero"
"Karma","Volt"
"Rivian","R1S"
"Rivian","R1T"
"Rivian","RCV"
"Alfa Romeo","101"
"Alfa Romeo","147"
"Alfa Romeo","164"
"Alfa Romeo","166"
"Alfa Romeo","1750"
"Alfa Romeo","1900"
"Alfa Romeo","2000"
"Alfa Romeo","2600"
"Alfa Romeo","4C"
"Alfa Romeo","6C-2500"
"Alfa Romeo","8C Competizione"
"Alfa Romeo","Alfa 6"
"Alfa Romeo","Alfetta"
"Alfa Romeo","Duetto"
"Alfa Romeo","Giulia"
"Alfa Romeo","GTA"
"Alfa Romeo","Giulietta"
"Alfa Romeo","Graduate"
"Alfa Romeo","GT"
"Alfa Romeo","GT 1300 Junior"
"Alfa Romeo","GTV"
"Alfa Romeo","GTV-6"
"Alfa Romeo","Milano"
"Alfa Romeo","Montreal"
"Alfa Romeo","Spider"
"Alfa Romeo","Sprint"
"Alfa Romeo","Stelvio"
"Alfa Romeo","Sun"
"Alfa Romeo","Tonale"
"Alfa Romeo","Veloce"
"MG","1100"
"MG","1600"
"MG","F-Type"
"MG","GT"
"MG","Magnette"
"MG","MGA"
"MG","MGB"
"MG","MGC"
"MG","MGT"
"MG","Midget Series"
"MG","TA"
"MG","TB"
"MG","TC"
"MG","TD"
"MG","TF"
"MG","RV8"
"MG","SA"
"MG","T-Series"
"MG","TC Roadster"
"MG","Y"
"Saleen","Mustang SR"
"Saleen","S7"
"Saleen","SA-30"
"Jaguar","2.4"
"Jaguar","3.4"
"Jaguar","340"
"Jaguar","420"
"Jaguar","C-Type"
"Jaguar","D-Type"
"Jaguar","E-Pace"
"Jaguar","E-Type"
"Jaguar","F-Pace"
"Jaguar","F-Type"
"Jaguar","F-Type R"
"Jaguar","I-Pace"
"Jaguar","Mark"
"Jaguar","Mark II"
"Jaguar","Mark IV"
"Jaguar","Mark IX"
"Jaguar","Mark V"
"Jaguar","Mark VII"
"Jaguar","Mark VIII"
"Jaguar","Mark X"
"Jaguar","S-Type"
"Jaguar","Sovereign"
"Jaguar","SS100"
"Jaguar","Super V8"
"Jaguar","Super V8 Portfolio"
"Jaguar","Vanden Plas"
"Jaguar","X-Type"
"Jaguar","XE"
"Jaguar","XF"
"Jaguar","XFR"
"Jaguar","XJ"
"Jaguar","XJ Sport"
"Jaguar","XJ Vanden Plas"
"Jaguar","XJ12"
"Jaguar","XJ6"
"Jaguar","XJ8"
"Jaguar","XJ8 L"
"Jaguar","XJL"
"Jaguar","XJR"
"Jaguar","XJR-S"
"Jaguar","XJS"
"Jaguar","XJSC"
"Jaguar","XK"
"Jaguar","XK 120"
"Jaguar","XK 140"
"Jaguar","XK 150"
"Jaguar","XK8"
"Jaguar","XKE"
"Jaguar","XKR"
"Jaguar","XKR-S"
"Chevrolet","1300"
"Chevrolet","150"
"Chevrolet","210"
"Chevrolet","3100"
"Chevrolet","3200"
"Chevrolet","3600"
"Chevrolet","3800"
"Chevrolet","4400"
"Chevrolet","454 SS"
"Chevrolet","6400"
"Chevrolet","AE Independence"
"Chevrolet","Aero"
"Chevrolet","AK Series"
"Chevrolet","Alero"
"Chevrolet","Apache"
"Chevrolet","Astro"
"Chevrolet","Astro Cargo"
"Chevrolet","Avalanche"
"Chevrolet","Avalanche 1500"
"Chevrolet","Avalanche 2500"
"Chevrolet","Aveo"
"Chevrolet","Aveo5"
"Chevrolet","B-Series"
"Chevrolet","Bel Air"
"Chevrolet","Beretta"
"Chevrolet","Biscayne"
"Chevrolet","Blazer"
"Chevrolet","Bolt EUV"
"Chevrolet","Bolt EV"
"Chevrolet","BrightDrop"
"Chevrolet","Brookwood"
"Chevrolet","C/K R/V Series"
"Chevrolet","C/K Series"
"Chevrolet","C/K 10"
"Chevrolet","C10"
"Chevrolet","K10"
"Chevrolet","C/K 1500"
"Chevrolet","C1500"
"Chevrolet","K1500"
"Chevrolet","C/K 20"
"Chevrolet","C20"
"Chevrolet","K20"
"Chevrolet","C/K 2500"
"Chevrolet","C2500"
"Chevrolet","K2500"
"Chevrolet","C/K 30"
"Chevrolet","C30"
"Chevrolet","K30"
"Chevrolet","C/K 3500"
"Chevrolet","C3500"
"Chevrolet","K3500"
"Chevrolet","R/V Series"
"Chevrolet","R/V 10"
"Chevrolet","R10"
"Chevrolet","V10"
"Chevrolet","R/V 20"
"Chevrolet","R20"
"Chevrolet","V20"
"Chevrolet","R/V 2500"
"Chevrolet","R/V 30"
"Chevrolet","R30"
"Chevrolet","V30"
"Chevrolet","R/V 3500"
"Chevrolet","Camaro"
"Chevrolet","Cameo Carrier"
"Chevrolet","Canopy Express"
"Chevrolet","Capital"
"Chevrolet","Caprice"
"Chevrolet","Caprice Classic"
"Chevrolet","Captiva"
"Chevrolet","Captiva Sport"
"Chevrolet","Cavalier"
"Chevrolet","Celebrity"
"Chevrolet","Chevelle"
"Chevrolet","Chevette"
"Chevrolet","Chevy II"
"Chevrolet","Chevy Van"
"Chevrolet","Chevy Van Classic"
"Chevrolet","Citation"
"Chevrolet","City Express"
"Chevrolet","City Express Cargo"
"Chevrolet","Classic Series"
"Chevrolet","Classic"
"Chevrolet","Classic Six"
"Chevrolet","Cobalt"
"Chevrolet","Colorado"
"Chevrolet","Commander"
"Chevrolet","Confederate"
"Chevrolet","Corsica"
"Chevrolet","Corvair"
"Chevrolet","Corvette"
"Chevrolet","Cosworth Vega"
"Chevrolet","Coupe Pickup"
"Chevrolet","Cruze"
"Chevrolet","CST"
"Chevrolet","Cutaway Van"
"Chevrolet","D30"
"Chevrolet","Delivery"
"Chevrolet","Delray"
"Chevrolet","Deluxe"
"Chevrolet","Deluxe 210"
"Chevrolet","El Camino"
"Chevrolet","Epica"
"Chevrolet","Equinox"
"Chevrolet","Express"
"Chevrolet","Express 1500"
"Chevrolet","Express 2500"
"Chevrolet","Express 3500"
"Chevrolet","Express 4500"
"Chevrolet","Express Cargo"
"Chevrolet","Express Cutaway"
"Chevrolet","Express Passenger"
"Chevrolet","FC"
"Chevrolet","Fleetline"
"Chevrolet","Fleetmaster"
"Chevrolet","G-Series Van"
"Chevrolet","G10"
"Chevrolet","G1500"
"Chevrolet","G20"
"Chevrolet","G2500"
"Chevrolet","G30"
"Chevrolet","G3500"
"Chevrolet","Geo Storm"
"Chevrolet","Heavy Duty"
"Chevrolet","HHR"
"Chevrolet","Hi-Cube"
"Chevrolet","Impala"
"Chevrolet","Impala Limited"
"Chevrolet","Impala SS"
"Chevrolet","Independence"
"Chevrolet","International"
"Chevrolet","Kalos"
"Chevrolet","Kingswood"
"Chevrolet","Kodiak"
"Chevrolet","Lacetti"
"Chevrolet","Laguna S-3"
"Chevrolet","Lumina"
"Chevrolet","Lumina APV"
"Chevrolet","LUV"
"Chevrolet","Magnus"
"Chevrolet","Malibu"
"Chevrolet","Malibu Classic"
"Chevrolet","Malibu Maxx"
"Chevrolet","Maple Leaf"
"Chevrolet","Master"
"Chevrolet","Master 85"
"Chevrolet","Master Deluxe"
"Chevrolet","Master Eagle"
"Chevrolet","Matiz"
"Chevrolet","Mercury"
"Chevrolet","Metro"
"Chevrolet","Monte Carlo"
"Chevrolet","Monza"
"Chevrolet","National"
"Chevrolet","Nomad"
"Chevrolet","Nova"
"Chevrolet","Onix"
"Chevrolet","Optra"
"Chevrolet","Optra 5"
"Chevrolet","Optra Sedan"
"Chevrolet","Orlando"
"Chevrolet","P30"
"Chevrolet","Panel"
"Chevrolet","Panel Delivery"
"Chevrolet","Panel Step Van"
"Chevrolet","Parkwood"
"Chevrolet","Passport"
"Chevrolet","Prizm"
"Chevrolet","Rezzo"
"Chevrolet","S10"
"Chevrolet","Sedan Delivery"
"Chevrolet","Series 490"
"Chevrolet","Series C"
"Chevrolet","Series D2"
"Chevrolet","Series F5"
"Chevrolet","Series FA"
"Chevrolet","Series FB"
"Chevrolet","Series H2"
"Chevrolet","Series H3"
"Chevrolet","Series H4"
"Chevrolet","Series L"
"Chevrolet","Silverado 1500"
"Chevrolet","Silverado 2500"
"Chevrolet","Silverado 3500"
"Chevrolet","Sonic"
"Chevrolet","Spark"
"Chevrolet","Spark EV"
"Chevrolet","Special"
"Chevrolet","Special 150"
"Chevrolet","Special Deluxe"
"Chevrolet","Spectrum"
"Chevrolet","Sportvan"
"Chevrolet","Sprint"
"Chevrolet","SS"
"Chevrolet","SSR"
"Chevrolet","SSR Pickup"
"Chevrolet","Standard"
"Chevrolet","Starcraft Conversion Van"
"Chevrolet","Step-Van"
"Chevrolet","Stepside Pickup"
"Chevrolet","Styleline"
"Chevrolet","Stylemaster"
"Chevrolet","Suburban"
"Chevrolet","Suburban HD"
"Chevrolet","Superior"
"Chevrolet","T10"
"Chevrolet","Tahoe"
"Chevrolet","Tracker"
"Chevrolet","TrailBlazer"
"Chevrolet","TrailBlazer EXT"
"Chevrolet","Traverse"
"Chevrolet","Trax"
"Chevrolet","U100"
"Chevrolet","Universal"
"Chevrolet","Uplander"
"Chevrolet","Utility"
"Chevrolet","Van"
"Chevrolet","Vega"
"Chevrolet","Venture"
"Chevrolet","Volt"
"Chevrolet","Yeoman"
"Geo","Metro"
"Geo","Prizm"
"Geo","Spectrum"
"Geo","Sprint"
"Geo","Storm"
"Geo","Tracker"
"Spyker","C12 La Turbie"
"Spyker","C8"
"Spyker","C8 Aileron"
"Spyker","C8 Double 12"
"Spyker","C8 Laviolette"
"Spyker","D8 Peking-to-Paris"
"Saab","354"
"Saab","355"
"Saab","42981"
"Saab","42983"
"Saab","9-2X"
"Saab","9-3"
"Saab","9-3 Griffin"
"Saab","9-3X"
"Saab","9-4X"
"Saab","9-5"
"Saab","9-6"
"Saab","9-7"
"Saab","9-7X"
"Saab","900"
"Saab","9000"
"Saab","92"
"Saab","96"
"Saab","99"
"Saab","GT"
"Saab","Monte Carlo"
"Saab","Shrike"
"Saab","Sonett"
"Sterling","360"
"Sterling","825"
"Sterling","827"
"Sterling","Bullet"
"McLaren","540C"
"McLaren","570GT"
"McLaren","570S"
"McLaren","600LT"
"McLaren","620R"
"McLaren","625C"
"McLaren","650S"
"McLaren","675LT"
"McLaren","720S"
"McLaren","750S"
"McLaren","765GT"
"McLaren","765LT"
"McLaren","Artura"
"McLaren","Elva"
"McLaren","GT"
"McLaren","GTS"
"McLaren","MP4-12C"
"McLaren","P1"
"McLaren","P11"
"McLaren","P12"
"McLaren","Senna"
"McLaren","Speedtail"
"Kaiser","Carolina"
"Kaiser","Darrin"
"Kaiser","Dragon"
"Kaiser","Early Special"
"Kaiser","Henry J"
"Kaiser","Late Special"
"Kaiser","Manhattan"
"Kaiser","Special"
"Kaiser","Traveler"
"Kaiser","Vagabond"
"Kaiser","Virginian"
"LaSalle","303"
"LaSalle","328"
"LaSalle","340"
"LaSalle","345"
"LaSalle","350"
"LaSalle","50"
"LaSalle","52"
"Datsun","1000"
"Datsun","110"
"Datsun","1200"
"Datsun","1500"
"Datsun","1600"
"Datsun","2000"
"Datsun","200SX"
"Datsun","210"
"Datsun","310"
"Datsun","410"
"Datsun","411"
"Datsun","510"
"Datsun","610"
"Datsun","620"
"Datsun","710"
"Datsun","720"
"Datsun","810"
"Datsun","B210"
"Datsun","Bluebird"
"Datsun","F10"
"Datsun","Fairlady"
"Datsun","Honey Bee"
"Datsun","Maxima"
"Datsun","Pulsar"
"Datsun","Sentra"
"Datsun","Stanza"
"Datsun","Z-Series"
"Datsun","240Z"
"Datsun","260Z"
"Datsun","280 ZX"
"Datsun","280Z"
"Datsun","300 ZX"
"Rover","10"
"Rover","105"
"Rover","12"
"Rover","14"
"Rover","16"
"Rover","2000 Series"
"Rover","2000/2000TC"
"Rover","3-Litre"
"Rover","3500/3500S"
"Rover","60"
"Rover","60/75"
"Rover","75"
"Rover","Mini"
"Rover","P3"
"Rover","P4"
"Rover","SD1"
"Lancia","Aurelia"
"Lancia","Beta"
"Lancia","Delta"
"Lancia","Flaminia"
"Lancia","Flavia"
"Lancia","Fulvia"
"Lancia","Scorpion"
"Lancia","Thema"
"Lancia","Zagato"
"Freightliner","Sprinter"
"Freightliner","Unimog"
"Plymouth","AAR Cuda"
"Plymouth","Acclaim"
"Plymouth","Arrow"
"Plymouth","Barracuda"
"Plymouth","Belvedere"
"Plymouth","Breeze"
"Plymouth","Business"
"Plymouth","Business PJ"
"Plymouth","Cambridge"
"Plymouth","Caravan"
"Plymouth","Caravelle"
"Plymouth","Champ"
"Plymouth","Colt"
"Plymouth","Concord"
"Plymouth","Conquest"
"Plymouth","Cranbrook"
"Plymouth","Cricket"
"Plymouth","DeLuxe"
"Plymouth","Duster"
"Plymouth","Fleet Special"
"Plymouth","Fury"
"Plymouth","Gran Fury"
"Plymouth","Gran Coupe"
"Plymouth","GTX"
"Plymouth","Horizon"
"Plymouth","Imperial Crown"
"Plymouth","Laser"
"Plymouth","Model 30U"
"Plymouth","Model PA"
"Plymouth","Model PB"
"Plymouth","Model PC"
"Plymouth","Model PD"
"Plymouth","Model Q"
"Plymouth","Model U"
"Plymouth","Neon"
"Plymouth","P10"
"Plymouth","P11"
"Plymouth","P12"
"Plymouth","P15"
"Plymouth","P2"
"Plymouth","P4"
"Plymouth","Panel Delivery"
"Plymouth","PD"
"Plymouth","PD Deluxe"
"Plymouth","Plaza"
"Plymouth","Prowler"
"Plymouth","PT 81"
"Plymouth","Regent"
"Plymouth","Reliant"
"Plymouth","Roadking"
"Plymouth","Roadrunner"
"Plymouth","Sapporo"
"Plymouth","Satellite"
"Plymouth","Savoy"
"Plymouth","Scamp"
"Plymouth","Sebring"
"Plymouth","Sedan Delivery"
"Plymouth","Special PF"
"Plymouth","Standard"
"Plymouth","Standard PF"
"Plymouth","Standard PG"
"Plymouth","Suburban"
"Plymouth","Sundance"
"Plymouth","Superbird"
"Plymouth","TC3"
"Plymouth","Trailduster"
"Plymouth","Turismo"
"Plymouth","Valiant"
"Plymouth","Van"
"Plymouth","VIP"
"Plymouth","Volare"
"Plymouth","Grand Voyager"
"Plymouth","Voyager"
"Lamborghini","350 GT"
"Lamborghini","400"
"Lamborghini","400 GT"
"Lamborghini","Aventador"
"Lamborghini","Countach"
"Lamborghini","Diablo"
"Lamborghini","Espada"
"Lamborghini","Espada 400 GT"
"Lamborghini","Gallardo"
"Lamborghini","Huracan"
"Lamborghini","Islero"
"Lamborghini","Jalpa"
"Lamborghini","Jarama"
"Lamborghini","Jarama 400 GT"
"Lamborghini","Jarama 400 GTS"
"Lamborghini","LM002"
"Lamborghini","Miura"
"Lamborghini","Murcielago"
"Lamborghini","Revuelto"
"Lamborghini","Sesto Elemento"
"Lamborghini","Silhouette"
"Lamborghini","Superleggera"
"Lamborghini","Urraco"
"Lamborghini","Urus"
"Oldsmobile","442"
"Oldsmobile","66"
"Oldsmobile","68"
"Oldsmobile","76"
"Oldsmobile","78"
"Oldsmobile","88"
"Oldsmobile","88 Custom Cruiser Wagon"
"Oldsmobile","90"
"Oldsmobile","98"
"Oldsmobile","Achieva"
"Oldsmobile","Alero"
"Oldsmobile","Aurora"
"Oldsmobile","Autocrat"
"Oldsmobile","Bravada"
"Oldsmobile","Calais"
"Oldsmobile","Ciera"
"Oldsmobile","Custom"
"Oldsmobile","Custom 98"
"Oldsmobile","Custom Cruiser"
"Oldsmobile","Cutlass"
"Oldsmobile","Cutlass Calais"
"Oldsmobile","Cutlass Ciera"
"Oldsmobile","Cutlass Cruiser"
"Oldsmobile","Cutlass Salon"
"Oldsmobile","Cutlass Supreme"
"Oldsmobile","Defender"
"Oldsmobile","Delta 88"
"Oldsmobile","Delta Eighty-Eight Regency"
"Oldsmobile","Delta Eighty-Eight Royale"
"Oldsmobile","Deluxe 88"
"Oldsmobile","Dynamic 76"
"Oldsmobile","Dynamic 78"
"Oldsmobile","Dynamic 88"
"Oldsmobile","Eighty-Eight"
"Oldsmobile","Eighty-Eight Royale"
"Oldsmobile","F-Series"
"Oldsmobile","Model F"
"Oldsmobile","Model F-28"
"Oldsmobile","Model F-29"
"Oldsmobile","Model F-30"
"Oldsmobile","Model F-31"
"Oldsmobile","Model F-32"
"Oldsmobile","Model F-33"
"Oldsmobile","Model F-34"
"Oldsmobile","Model F-35"
"Oldsmobile","Model F-36"
"Oldsmobile","Model F-37"
"Oldsmobile","Model F-38"
"Oldsmobile","Model F-39"
"Oldsmobile","Model F-40"
"Oldsmobile","Model F-85"
"Oldsmobile","Fiesta"
"Oldsmobile","Firenza"
"Oldsmobile","G-Series"
"Oldsmobile","Model G-39"
"Oldsmobile","Model G-40"
"Oldsmobile","Golden Rocket 88"
"Oldsmobile","Intrigue"
"Oldsmobile","Jetfire"
"Oldsmobile","Jetstar"
"Oldsmobile","Jetstar 88"
"Oldsmobile","Jetstar I"
"Oldsmobile","L-Series"
"Oldsmobile","Model L"
"Oldsmobile","Model L-32"
"Oldsmobile","Model L-33"
"Oldsmobile","Model L-34"
"Oldsmobile","Model L-35"
"Oldsmobile","Model L-36"
"Oldsmobile","Model L-37"
"Oldsmobile","Model L-38"
"Oldsmobile","Model L-39"
"Oldsmobile","Model L-40"
"Oldsmobile","Limited"
"Oldsmobile","LSS"
"Oldsmobile","Model 30-A"
"Oldsmobile","Model 30-B"
"Oldsmobile","Model 30-C"
"Oldsmobile","Model 30-D"
"Oldsmobile","Model 30-E"
"Oldsmobile","Model 37"
"Oldsmobile","Model 37-A"
"Oldsmobile","Model 37-B"
"Oldsmobile","Model 42"
"Oldsmobile","Model 43"
"Oldsmobile","Model 43-A"
"Oldsmobile","Model 44"
"Oldsmobile","Model 45"
"Oldsmobile","Model 45-A"
"Oldsmobile","Model 45-B"
"Oldsmobile","Model 46"
"Oldsmobile","Model 47"
"Oldsmobile","Model 54"
"Oldsmobile","Model 55"
"Oldsmobile","Model 59"
"Oldsmobile","Model 66"
"Oldsmobile","Model 68"
"Oldsmobile","Model 76"
"Oldsmobile","Model 78"
"Oldsmobile","Model 96"
"Oldsmobile","Model 98"
"Oldsmobile","Model A"
"Oldsmobile","Model B"
"Oldsmobile","Model D"
"Oldsmobile","Model DR"
"Oldsmobile","Model H"
"Oldsmobile","Model LT"
"Oldsmobile","Model R"
"Oldsmobile","Model S"
"Oldsmobile","Model TR"
"Oldsmobile","Model X"
"Oldsmobile","Model Z"
"Oldsmobile","Ninety-Eight"
"Oldsmobile","Ninety-Eight Regency"
"Oldsmobile","Omega"
"Oldsmobile","Regency"
"Oldsmobile","S98"
"Oldsmobile","Series 70"
"Oldsmobile","Silhouette"
"Oldsmobile","Special"
"Oldsmobile","Special 66"
"Oldsmobile","Special 68"
"Oldsmobile","Starfire"
"Oldsmobile","Super 88"
"Oldsmobile","Toronado"
"Oldsmobile","Trofeo"
"Oldsmobile","Vista Cruiser"
"Franklin","10A"
"Franklin","Airman"
"Franklin","Model 10"
"Franklin","Model 10-B"
"Franklin","Model 10-C"
"Franklin","Model 11-A"
"Franklin","Model 11-B"
"Franklin","Model 130"
"Franklin","Model 135"
"Franklin","Model 137"
"Franklin","Model 145"
"Franklin","Model 147"
"Franklin","Model 9-B"
"Franklin","Model D"
"Franklin","Model G"
"Franklin","Model H"
"Franklin","Model K"
"Franklin","Model M"
"Franklin","Model Six-30"
"Franklin","Olympic"
"Franklin","Runabout"
"Franklin","Series 15"
"Franklin","Series 15 Deluxe"
"Franklin","Series 9"
"Franklin","Twelve"
"Franklin","Type A"
"Franklin","Type B"
"Franklin","Type C"
"Franklin","Type D"
"Franklin","Type E"
"Franklin","Type F"
"Franklin","Type G"
"Franklin","Type H"
"GMC","100"
"GMC","101"
"GMC","150"
"GMC","250 Pickup"
"GMC","2500 Cab-Chassis"
"GMC","3100"
"GMC","350 Pickup"
"GMC","370"
"GMC","910"
"GMC","9300"
"GMC","Acadia"
"GMC","Apache"
"GMC","B-Series"
"GMC","Beauville"
"GMC","C/K R/V Series"
"GMC","C/K Series"
"GMC","C/K 10"
"GMC","C10"
"GMC","K10"
"GMC","C/K 1500"
"GMC","C1500"
"GMC","K1500"
"GMC","C/K 20"
"GMC","C20"
"GMC","K20"
"GMC","C/K 2500"
"GMC","C2500"
"GMC","K2500"
"GMC","C/K 30"
"GMC","C30"
"GMC","K30"
"GMC","C/K 3500"
"GMC","C3500"
"GMC","K3500"
"GMC","R/V Series"
"GMC","R/V 1500"
"GMC","R1500"
"GMC","V1500"
"GMC","R/V 2500"
"GMC","R2500"
"GMC","V2500"
"GMC","R/V 3500"
"GMC","R3500"
"GMC","V3500"
"GMC","Caballero"
"GMC","Canyon"
"GMC","Delivery"
"GMC","Envoy"
"GMC","Envoy XL"
"GMC","Envoy XUV"
"GMC","G-Series Van"
"GMC","G1500"
"GMC","G25"
"GMC","G2500"
"GMC","G35"
"GMC","G3500"
"GMC","Grumman"
"GMC","Hummer EV"
"GMC","Hummer EV Pickup"
"GMC","Jimmy"
"GMC","P3500"
"GMC","Rally"
"GMC","S15"
"GMC","Safari"
"GMC","Safari Cargo"
"GMC","Safari Cargo Van"
"GMC","Savana"
"GMC","Savana 1500"
"GMC","Savana 2500"
"GMC","Savana 3500"
"GMC","Savana 4500"
"GMC","Savana RV"
"GMC","Screen"
"GMC","Sierra 1500"
"GMC","Sierra 2500"
"GMC","Sierra 3500"
"GMC","Sierra C3"
"GMC","Sierra EV"
"GMC","Sierra Limited"
"GMC","Sonoma"
"GMC","Sprint"
"GMC","Suburban"
"GMC","C/K Series Suburban"
"GMC","C/K 10 Suburban"
"GMC","C10 Suburban"
"GMC","K10 Suburban"
"GMC","C/K 1500 Suburban"
"GMC","C1500 Suburban"
"GMC","K1500 Suburban"
"GMC","C/K 20 Suburban"
"GMC","C20 Suburban"
"GMC","K20 Suburban"
"GMC","C/K 2500 Suburban"
"GMC","C2500 Suburban"
"GMC","K2500 Suburban"
"GMC","R/V Series Suburban"
"GMC","R/V 10 Suburban"
"GMC","R10 Suburban"
"GMC","V10 Suburban"
"GMC","R/V 1500 Suburban"
"GMC","R1500 Suburban"
"GMC","V1500 Suburban"
"GMC","R/V 20 Suburban"
"GMC","R20 Suburban"
"GMC","V20 Suburban"
"GMC","R/V 2500 Suburban"
"GMC","R2500 Suburban"
"GMC","V2500 Suburban"
"GMC","Syclone"
"GMC","T-14"
"GMC","Terrain"
"GMC","Topkick"
"GMC","Tracker"
"GMC","Traverse"
"GMC","Typhoon"
"GMC","Van"
"GMC","Vandura"
"GMC","W-Series"
"GMC","W5500"
"GMC","Yukon"
"GMC","Yukon XL"
"GMC","Yukon XL 1500"
"GMC","Yukon XL 2500"
"Ferrari","12Cilindri"
"Ferrari","12Cilindri Spider"
"Ferrari","208"
"Ferrari","250"
"Ferrari","275"
"Ferrari","296 GTB"
"Ferrari","296 GTS"
"Ferrari","308"
"Ferrari","328 GTB"
"Ferrari","328 GTS"
"Ferrari","330"
"Ferrari","348 GTB"
"Ferrari","348 GTS"
"Ferrari","348 Spider"
"Ferrari","348 TB"
"Ferrari","348 TS"
"Ferrari","360 Challenge Stradale"
"Ferrari","360 Modena"
"Ferrari","360 Spider"
"Ferrari","365"
"Ferrari","400"
"Ferrari","412"
"Ferrari","456"
"Ferrari","458 Italia"
"Ferrari","458 Speciale"
"Ferrari","458 Speciale Aperta"
"Ferrari","458 Spider"
"Ferrari","488 GTB"
"Ferrari","488 Pista"
"Ferrari","488 Pista Spider"
"Ferrari","488 Spider"
"Ferrari","500 Superfast"
"Ferrari","550 Maranello"
"Ferrari","575M Maranello"
"Ferrari","599 GTB Fiorano"
"Ferrari","599 GTO"
"Ferrari","599 SA Aperta"
"Ferrari","612 Scaglietti"
"Ferrari","812 Superfast"
"Ferrari","812 Competizone"
"Ferrari","812 Competizone Aperta"
"Ferrari","812 GTS"
"Ferrari","Berlinetta Boxer"
"Ferrari","California"
"Ferrari","California T"
"Ferrari","206 Dino GT"
"Ferrari","246 Dino GT"
"Ferrari","246 Dino GTS"
"Ferrari","Enzo"
"Ferrari","F12berlinetta"
"Ferrari","355 F1"
"Ferrari","F355 Berlinetta"
"Ferrari","F355 GTS"
"Ferrari","F355 Spider"
"Ferrari","F40"
"Ferrari","F430 / 430"
"Ferrari","F430 Scuderia"
"Ferrari","F430 Scuderia Spider"
"Ferrari","F430 Spider"
"Ferrari","F50"
"Ferrari","F8 Spider"
"Ferrari","F8 Tributo"
"Ferrari","FF"
"Ferrari","GT4"
"Ferrari","GTC4 Lusso"
"Ferrari","GTC4 Lusso T"
"Ferrari","LaFerrari"
"Ferrari","Mondial"
"Ferrari","Portofino"
"Ferrari","Portofino M"
"Ferrari","Purosangue"
"Ferrari","Roma"
"Ferrari","Roma Spider"
"Ferrari","SF90 Spider"
"Ferrari","SF90 Stradale"
"Ferrari","SF90 XX Spider"
"Ferrari","SF90 XX Stradale"
"Ferrari","400 Superamerica"
"Ferrari","410 Superamerica"
"Ferrari","575 Superamerica"
"Ferrari","Testarossa"
"Fiat","1100"
"Fiat","1100D"
"Fiat","1100R"
"Fiat","1200"
"Fiat","124"
"Fiat","124 Spider"
"Fiat","124 Spider Abarth"
"Fiat","125"
"Fiat","128"
"Fiat","131"
"Fiat","1400"
"Fiat","1500"
"Fiat","1683"
"Fiat","1693"
"Fiat","1900"
"Fiat","2100"
"Fiat","24"
"Fiat","3115"
"Fiat","500"
"Fiat","500 Abarth"
"Fiat","500C"
"Fiat","500e"
"Fiat","500L"
"Fiat","500X"
"Fiat","600"
"Fiat","600D"
"Fiat","850"
"Fiat","8V"
"Fiat","Barchetta"
"Fiat","Bertone X1/9"
"Fiat","Brava"
"Fiat","Campagnola"
"Fiat","Coupe"
"Fiat","Dino"
"Fiat","Ducato"
"Fiat","Freemont"
"Fiat","Panda"
"Fiat","Pininfarina"
"Fiat","Pininfarina Spider"
"Fiat","Punto"
"Fiat","Simca 8"
"Fiat","Spider 2000"
"Fiat","Strada"
"Fiat","X1/9"
"Buick","Allure"
"Buick","Apollo"
"Buick","B-24"
"Buick","California"
"Buick","Cascada"
"Buick","Centurion"
"Buick","Century"
"Buick","Coachbuilder"
"Buick","Electra"
"Buick","Electra 225"
"Buick","Enclave"
"Buick","Encore"
"Buick","Encore GX"
"Buick","Envision"
"Buick","Envista"
"Buick","Estate"
"Buick","GNX"
"Buick","Gran Sport"
"Buick","Grand National"
"Buick","GS"
"Buick","GS 350"
"Buick","GS 400"
"Buick","GS 455"
"Buick","GSX"
"Buick","GSX Stage I"
"Buick","Invicta"
"Buick","LaCrosse"
"Buick","LeSabre"
"Buick","Limited"
"Buick","Lucerne"
"Buick","Marquette"
"Buick","Master"
"Buick","Model 10"
"Buick","Model 14"
"Buick","Model 16"
"Buick","Model 17"
"Buick","Model 19"
"Buick","Model 21"
"Buick","Model 22"
"Buick","Model 23"
"Buick","Model 24"
"Buick","Model 25"
"Buick","Model 26"
"Buick","Model 27"
"Buick","Model 28"
"Buick","Model 29"
"Buick","Model 30"
"Buick","Model 31"
"Buick","Model 32"
"Buick","Model 33"
"Buick","Model 34"
"Buick","Model 35"
"Buick","Model 36"
"Buick","Model 38"
"Buick","Model 39"
"Buick","Model 40"
"Buick","Model 41"
"Buick","Model 43"
"Buick","Model 45"
"Buick","Model 46C"
"Buick","Model 46S"
"Buick","Model 5"
"Buick","Model 56C"
"Buick","Model 59"
"Buick","Model 6"
"Buick","Model 7"
"Buick","Model 96S"
"Buick","Model B"
"Buick","Model C"
"Buick","Model D"
"Buick","Model E"
"Buick","Model F"
"Buick","Model G"
"Buick","Model H"
"Buick","Model K"
"Buick","Model S"
"Buick","Opel Sintra"
"Buick","Park Avenue"
"Buick","Rainier"
"Buick","Reatta"
"Buick","Regal"
"Buick","Regal TourX"
"Buick","Rendezvous"
"Buick","Riviera"
"Buick","Roadmaster"
"Buick","Series 115"
"Buick","Series 116"
"Buick","Series 121"
"Buick","Series 129"
"Buick","Series 40"
"Buick","Series 50"
"Buick","Series 60"
"Buick","Series 80"
"Buick","Series 90"
"Buick","Skyhawk"
"Buick","Skylark"
"Buick","Somerset"
"Buick","Somerset Regal"
"Buick","Special"
"Buick","Sport Wagon"
"Buick","Standard"
"Buick","Super"
"Buick","Terraza"
"Buick","Verano"
"Buick","Wildcat"
"Vinfast","VF-8"
"Vinfast","VF-9"
"Rolls-Royce","20/25"
"Rolls-Royce","25/30"
"Rolls-Royce","Camargue"
"Rolls-Royce","Corniche"
"Rolls-Royce","Cullinan"
"Rolls-Royce","Dawn"
"Rolls-Royce","Flying Spur"
"Rolls-Royce","Ghost"
"Rolls-Royce","Ghost Series II"
"Rolls-Royce","Park Ward"
"Rolls-Royce","Phantom"
"Rolls-Royce","Phantom Coupe"
"Rolls-Royce","Phantom Drophead Coupe"
"Rolls-Royce","Phantom III"
"Rolls-Royce","Phantom V"
"Rolls-Royce","Phantom VI"
"Rolls-Royce","Silver Cloud"
"Rolls-Royce","Silver Cloud II"
"Rolls-Royce","Silver Cloud III"
"Rolls-Royce","Silver Dawn"
"Rolls-Royce","Silver Seraph"
"Rolls-Royce","Silver Shadow"
"Rolls-Royce","Silver Shadow II"
"Rolls-Royce","Silver Spirit"
"Rolls-Royce","Silver Spur"
"Rolls-Royce","Silver Spur II"
"Rolls-Royce","Silver Wraith"
"Rolls-Royce","Silver Wraith II"
"Rolls-Royce","Spectre"
"Rolls-Royce","Wraith"
"Hupmobile","115-R Skylark"
"Hupmobile","Century 6 Model S"
"Hupmobile","Century 8 Model L"
"Hupmobile","Century Series 125"
"Hupmobile","Century Series A"
"Hupmobile","Century Series M"
"Hupmobile","Model 20"
"Hupmobile","Model 32"
"Hupmobile","Model A-1"
"Hupmobile","Model C"
"Hupmobile","Model E"
"Hupmobile","Model E-1"
"Hupmobile","Model E-2"
"Hupmobile","Model E-3"
"Hupmobile","Model H"
"Hupmobile","Model K"
"Hupmobile","Model N"
"Hupmobile","Model R"
"Hupmobile","Model R-14"
"Hupmobile","Model S"
"Hupmobile","Model U"
"Hupmobile","Series 417-W"
"Hupmobile","Series 421-J"
"Hupmobile","Series 427-T"
"Hupmobile","Series 517-W"
"Hupmobile","Series 518-D"
"Hupmobile","Series 521-J"
"Hupmobile","Series 521-O"
"Hupmobile","Series 527-T"
"Hupmobile","Series 618-D"
"Hupmobile","Series 618-G"
"Hupmobile","Series 621-N"
"Hupmobile","Series 621-O"
"Hupmobile","Series 822-E"
"Hupmobile","Series 822-ES"
"Hupmobile","Series 825-H"
"Hupmobile","Series A"
"Hupmobile","Series B-216"
"Hupmobile","Series C-221"
"Hupmobile","Series F-222"
"Hupmobile","Series F-322"
"Hupmobile","Series F-442"
"Hupmobile","Series H-225"
"Hupmobile","Series I-226"
"Hupmobile","Series I-326"
"Hupmobile","Series I-426"
"Hupmobile","Series K-321"
"Hupmobile","Series K-421"
"Hupmobile","Series KK-321A"
"Hupmobile","Series KK-421"
"Hupmobile","Series L-218"
"Hupmobile","Series M"
"Hupmobile","Series R-1"
"Hupmobile","Series R-10"
"Hupmobile","Series R-12"
"Hupmobile","Series R-3"
"Hupmobile","Series R-4"
"Hupmobile","Series R-7"
"Hupmobile","Series S-214"
"Hupmobile","Series V-237"
"Hupmobile","Skylark"
"Jensen","541"
"Jensen","C-V8"
"Jensen","GT"
"Jensen","Interceptor"
"Jensen","Interceptor II"
"Jensen","Jensen-Healey"
"Mazda","1200"
"Mazda","1800"
"Mazda","2600I"
"Mazda","323"
"Mazda","616"
"Mazda","618"
"Mazda","626"
"Mazda","808"
"Mazda","929"
"Mazda","Autozam AZ-1"
"Mazda","B-Series"
"Mazda","B2000"
"Mazda","B2200"
"Mazda","B2300"
"Mazda","B2500"
"Mazda","B2600"
"Mazda","B3000"
"Mazda","B4000"
"Mazda","Bongo"
"Mazda","Carol"
"Mazda","Cosmo"
"Mazda","CX Series"
"Mazda","CX-3"
"Mazda","CX-30"
"Mazda","CX-5"
"Mazda","CX-50"
"Mazda","CX-7"
"Mazda","CX-70"
"Mazda","CX-9"
"Mazda","CX-90"
"Mazda","GLC"
"Mazda","Mazda 2"
"Mazda","Mazda 3"
"Mazda","Mazda 5"
"Mazda","Mazda 6"
"Mazda","Mazdaspeed 3"
"Mazda","Mazdaspeed 6"
"Mazda","MazdaSpeed MX-5"
"Mazda","MazdaSpeed Protege"
"Mazda","Millenia"
"Mazda","Mirage"
"Mazda","Mizer"
"Mazda","MP3"
"Mazda","MPV"
"Mazda","MX-3"
"Mazda","MX-30"
"Mazda","MX-5 Miata"
"Mazda","MX-6"
"Mazda","Navajo"
"Mazda","Protege"
"Mazda","Protege5"
"Mazda","R100"
"Mazda","RX Series"
"Mazda","RX-2"
"Mazda","RX-3"
"Mazda","RX-4"
"Mazda","RX-7"
"Mazda","RX-8"
"Mazda","Tribute"
"Suzuki","Aerio"
"Suzuki","Carry"
"Suzuki","Equator"
"Suzuki","Esteem"
"Suzuki","Forenza"
"Suzuki","Forsa"
"Suzuki","Grand Vitara"
"Suzuki","Jimny"
"Suzuki","Kizashi"
"Suzuki","Reno"
"Suzuki","Samurai"
"Suzuki","Sidekick"
"Suzuki","Swift"
"Suzuki","SX4"
"Suzuki","Verona"
"Suzuki","Vitara"
"Suzuki","X-90"
"Suzuki","XL7"
"Avanti Motors","Avanti"
"Avanti Motors","Avanti II"
"Avanti Motors","Beta"
"Avanti Motors","Delta"
"Avanti Motors","Diablo"
"Avanti Motors","Epsilon"
"Avanti Motors","Lambda"
"Avanti Motors","Upsilon"
"Bentley","3.5 Litre"
"Bentley","Armoured Arnage"
"Bentley","Arnage"
"Bentley","Azure"
"Bentley","Bentayga"
"Bentley","Bentley"
"Bentley","Brooklands"
"Bentley","Continental"
"Bentley","Continental Flying Spur"
"Bentley","Continental GT"
"Bentley","Continental GT Speed"
"Bentley","Continental GTC"
"Bentley","Continental Supersports"
"Bentley","Corniche"
"Bentley","Eight"
"Bentley","Flying Spur"
"Bentley","Mark VI"
"Bentley","Mulsanne"
"Bentley","R-Type"
"Bentley","S Series"
"Bentley","S1"
"Bentley","S2"
"Bentley","S3"
"Bentley","T Series"
"Bentley","T1"
"Bentley","T2"
"Bentley","Turbo R"
"Bentley","Turbo RT"
"Allard","K2"
"smart","Cabrio"
"smart","Crossblade"
"smart","EQ Fortwo"
"smart","fortwo"
"Pagani","Huayra"
"Pagani","Zonda"
"Tesla","Cybertruck"
"Tesla","Model 3"
"Tesla","Model S"
"Tesla","Model X"
"Tesla","Model Y"
"Tesla","Roadster"
"Intl. Harvester","Scout"
"INEOS","Grenadier"
"Essex","Challenger Series"
"Essex","First Series"
"Essex","Four"
"Essex","Model A"
"Essex","Second Series"
"Essex","Six"
"Essex","Super Six"
"Volvo","122"
"Volvo","142"
"Volvo","144"
"Volvo","145"
"Volvo","164"
"Volvo","200 Series"
"Volvo","240"
"Volvo","242"
"Volvo","242 DL"
"Volvo","242GT"
"Volvo","244"
"Volvo","244DL"
"Volvo","245"
"Volvo","245DL"
"Volvo","260"
"Volvo","262C"
"Volvo","262GL"
"Volvo","264"
"Volvo","264GL"
"Volvo","264GLE"
"Volvo","265"
"Volvo","265GL"
"Volvo","265GLE"
"Volvo","700 Series"
"Volvo","700"
"Volvo","740"
"Volvo","745"
"Volvo","760"
"Volvo","760GT"
"Volvo","780"
"Volvo","850"
"Volvo","850R"
"Volvo","900 Series"
"Volvo","900"
"Volvo","940"
"Volvo","960"
"Volvo","C30"
"Volvo","C40"
"Volvo","C70"
"Volvo","Cross Country"
"Volvo","XC40"
"Volvo","XC60"
"Volvo","XC70"
"Volvo","XC90"
"Volvo","Duett"
"Volvo","EC40"
"Volvo","EX30"
"Volvo","EX40"
"Volvo","EX90"
"Volvo","P1800"
"Volvo","PV Series"
"Volvo","444"
"Volvo","445"
"Volvo","544"
"Volvo","S40"
"Volvo","S60"
"Volvo","S60 Cross Country"
"Volvo","S60 R"
"Volvo","S70"
"Volvo","S80"
"Volvo","S90"
"Volvo","V40"
"Volvo","V50"
"Volvo","V60"
"Volvo","V60 Cross Country"
"Volvo","V70"
"Volvo","V70 R"
"Volvo","V90"
"Volvo","V90 Cross Country"
"Porsche","356"
"Porsche","550"
"Porsche","911"
"Porsche","911 GT3"
"Porsche","912"
"Porsche","912E"
"Porsche","914"
"Porsche","918 Spyder"
"Porsche","924"
"Porsche","928"
"Porsche","930"
"Porsche","935"
"Porsche","944"
"Porsche","959"
"Porsche","964"
"Porsche","968"
"Porsche","993"
"Porsche","996"
"Porsche","718 Boxster"
"Porsche","718 Spyder"
"Porsche","Boxster"
"Porsche","Boxster Spyder"
"Porsche","Carrera GT"
"Porsche","Cayenne"
"Porsche","718 Cayman"
"Porsche","Cayman"
"Porsche","Macan"
"Porsche","Panamera"
"Porsche","S90"
"Porsche","Taycan"
"Cadillac","341"
"Cadillac","Allante"
"Cadillac","Armored Vehicle"
"Cadillac","ATS"
"Cadillac","ATS-V"
"Cadillac","Brougham"
"Cadillac","Brunn"
"Cadillac","Calais"
"Cadillac","Catera"
"Cadillac","Celestiq"
"Cadillac","Cimarron"
"Cadillac","Concours"
"Cadillac","Coupe de Ville"
"Cadillac","CT4"
"Cadillac","CT4-V"
"Cadillac","CT5"
"Cadillac","CT5-V"
"Cadillac","CT6"
"Cadillac","CT6-V"
"Cadillac","CTS"
"Cadillac","CTS-V"
"Cadillac","Custom"
"Cadillac","Deluxe"
"Cadillac","DeVille"
"Cadillac","DTS"
"Cadillac","Eldorado"
"Cadillac","ELR"
"Cadillac","Escalade"
"Cadillac","Escalade ESV"
"Cadillac","Escalade EXT"
"Cadillac","Escalade IQ"
"Cadillac","Escalade IQL"
"Cadillac","Fisher"
"Cadillac","Fleetwood"
"Cadillac","Fleetwood Brougham"
"Cadillac","Funeral Coach"
"Cadillac","Hearse"
"Cadillac","Limousine"
"Cadillac","Lyriq"
"Cadillac","Model 30"
"Cadillac","Model A"
"Cadillac","Model B"
"Cadillac","Model D"
"Cadillac","Model E"
"Cadillac","Model F"
"Cadillac","Model G"
"Cadillac","Model H"
"Cadillac","Model K"
"Cadillac","Model L"
"Cadillac","Model M"
"Cadillac","Model S"
"Cadillac","Model T"
"Cadillac","Optiq"
"Cadillac","Professional Chassis"
"Cadillac","Sedan de Ville"
"Cadillac","Series 314"
"Cadillac","Series 341"
"Cadillac","Series 353"
"Cadillac","Series 355"
"Cadillac","Series 370"
"Cadillac","Series 452"
"Cadillac","Series 60"
"Cadillac","Series 60 Special"
"Cadillac","Series 61"
"Cadillac","Series 62"
"Cadillac","Series 63"
"Cadillac","Series 65"
"Cadillac","Series 67"
"Cadillac","Series 70"
"Cadillac","Series 72"
"Cadillac","Series 75"
"Cadillac","Series 80"
"Cadillac","Series 85"
"Cadillac","Series 90"
"Cadillac","Seville"
"Cadillac","Sixty Special"
"Cadillac","SRX"
"Cadillac","Stretch Limousine"
"Cadillac","STS"
"Cadillac","STS-V"
"Cadillac","Superior"
"Cadillac","Type 51"
"Cadillac","Type 53"
"Cadillac","Type 55"
"Cadillac","Type 57"
"Cadillac","Type 59"
"Cadillac","Type 61"
"Cadillac","V-12"
"Cadillac","V-63"
"Cadillac","Vistiq"
"Cadillac","XLR"
"Cadillac","XLR-V"
"Cadillac","XT4"
"Cadillac","XT5"
"Cadillac","XT6"
"Cadillac","XTS"
"Infiniti","EX35"
"Infiniti","EX37"
"Infiniti","FX35"
"Infiniti","FX37"
"Infiniti","FX45"
"Infiniti","FX50"
"Infiniti","G20"
"Infiniti","G25"
"Infiniti","G25x"
"Infiniti","G35"
"Infiniti","G35x"
"Infiniti","G37"
"Infiniti","G37x"
"Infiniti","I30"
"Infiniti","I35"
"Infiniti","IPL G"
"Infiniti","J30"
"Infiniti","JX35"
"Infiniti","M30"
"Infiniti","M35"
"Infiniti","M35h"
"Infiniti","M35x"
"Infiniti","M37"
"Infiniti","M37x"
"Infiniti","M45"
"Infiniti","M45x"
"Infiniti","M56"
"Infiniti","M56x"
"Infiniti","Q40"
"Infiniti","Q45"
"Infiniti","Q50"
"Infiniti","Q60"
"Infiniti","Q60 IPL"
"Infiniti","Q70"
"Infiniti","Q70h"
"Infiniti","Q70L"
"Infiniti","QX30"
"Infiniti","QX4"
"Infiniti","QX50"
"Infiniti","QX55"
"Infiniti","QX56"
"Infiniti","QX60"
"Infiniti","QX70"
"Infiniti","QX80"
"Volkswagen","1100"
"Volkswagen","1600"
"Volkswagen","411"
"Volkswagen","412"
"Volkswagen","Arteon"
"Volkswagen","Atlas"
"Volkswagen","Atlas Cross Sport"
"Volkswagen","Beetle"
"Volkswagen","Beetle-New"
"Volkswagen","Brasilia"
"Volkswagen","Cabrio"
"Volkswagen","Cabriolet"
"Volkswagen","Caddy"
"Volkswagen","Camper"
"Volkswagen","CC"
"Volkswagen","Corrado"
"Volkswagen","Dasher"
"Volkswagen","Eos"
"Volkswagen","Eurovan"
"Volkswagen","Fox"
"Volkswagen","e-Golf"
"Volkswagen","Golf"
"Volkswagen","Golf Alltrack"
"Volkswagen","Golf GTI"
"Volkswagen","Golf III"
"Volkswagen","Golf R"
"Volkswagen","Golf Sportwagen"
"Volkswagen","GTI"
"Volkswagen","ID. Buzz"
"Volkswagen","ID.4"
"Volkswagen","Jetta"
"Volkswagen","Jetta GLI"
"Volkswagen","Jetta III"
"Volkswagen","Jetta SportWagen"
"Volkswagen","Karmann Ghia"
"Volkswagen","Kelmark GT"
"Volkswagen","LT"
"Volkswagen","Multivan"
"Volkswagen","Passat"
"Volkswagen","Passat CC"
"Volkswagen","Phaeton"
"Volkswagen","Pointer"
"Volkswagen","Polo"
"Volkswagen","Quantum"
"Volkswagen","R32"
"Volkswagen","Rabbit"
"Volkswagen","Routan"
"Volkswagen","Samba"
"Volkswagen","Scirocco"
"Volkswagen","Squareback"
"Volkswagen","Super Beetle"
"Volkswagen","Taos"
"Volkswagen","Thing"
"Volkswagen","Tiguan"
"Volkswagen","Tiguan Limited"
"Volkswagen","Touareg"
"Volkswagen","Transporter (Bus)"
"Volkswagen","Type 181"
"Volkswagen","Type 2"
"Volkswagen","Type 3"
"Volkswagen","Van"
"Volkswagen","Vanagon"
"Volkswagen","Vento"
"Volkswagen","Westfalia"
"Lincoln","357A"
"Lincoln","Aviator"
"Lincoln","Blackwood"
"Lincoln","Capri"
"Lincoln","Continental"
"Lincoln","Continental Mk IV"
"Lincoln","Corsair"
"Lincoln","Cosmopolitan"
"Lincoln","Custom"
"Lincoln","Lido"
"Lincoln","Limousine"
"Lincoln","LS"
"Lincoln","Mark Series"
"Lincoln","Mark"
"Lincoln","Mark II"
"Lincoln","Mark III"
"Lincoln","Mark IV"
"Lincoln","Mark LT"
"Lincoln","Mark V"
"Lincoln","Mark VI"
"Lincoln","Mark VII"
"Lincoln","Mark VIII"
"Lincoln","MKC"
"Lincoln","MKS"
"Lincoln","MKT"
"Lincoln","MKX"
"Lincoln","MKZ"
"Lincoln","Model 1EL"
"Lincoln","Model 76H"
"Lincoln","Model 876H"
"Lincoln","Model 9EL"
"Lincoln","Model K"
"Lincoln","Model KA"
"Lincoln","Model KB"
"Lincoln","Model L"
"Lincoln","Model OEL"
"Lincoln","Nautilus"
"Lincoln","Navigator"
"Lincoln","Navigator L"
"Lincoln","Premiere"
"Lincoln","Town Car"
"Lincoln","Versailles"
"Lincoln","Zephyr"
"Lotus","2-Eleven"
"Lotus","340R"
"Lotus","Eagle"
"Lotus","Eclat"
"Lotus","Elan"
"Lotus","Eletre"
"Lotus","Eleven"
"Lotus","Elise"
"Lotus","Elite"
"Lotus","Emira"
"Lotus","Esprit"
"Lotus","Esprit V8"
"Lotus","Europa"
"Lotus","Evora"
"Lotus","Evora 400"
"Lotus","Evora 410 Sport"
"Lotus","Evora GT"
"Lotus","Exige"
"Lotus","Exige S"
"Lotus","Seven"
"Fisker","Karma"
"Fisker","Ocean"
"TVR","2500M"
"TVR","Cerbera"
"TVR","Tasmin"
"TVR","Vixen"
"Audi","100"
"Audi","200"
"Audi","4000"
"Audi","5000"
"Audi","80"
"Audi","90"
"Audi","A3"
"Audi","A3 e-tron"
"Audi","A4"
"Audi","A4 Allroad"
"Audi","A5"
"Audi","A6"
"Audi","A6 e-tron"
"Audi","A6 e-tron"
"Audi","A6 Allroad"
"Audi","A7"
"Audi","A8"
"Audi","A8 L"
"Audi","Cabriolet"
"Audi","Coupe"
"Audi","e-tron GT"
"Audi","Fox"
"Audi","Q1"
"Audi","Q2"
"Audi","Q2L e-tron"
"Audi","Q3"
"Audi","Q4 e-tron"
"Audi","Q5"
"Audi","Q5 e-tron"
"Audi","Q6"
"Audi","Q6 e-tron"
"Audi","Q7"
"Audi","Q8"
"Audi","Q8 e-tron"
"Audi","Quattro"
"Audi","R8"
"Audi","R8 E-Tron"
"Audi","RS 2"
"Audi","RS 3"
"Audi","RS 4"
"Audi","RS 5"
"Audi","RS 6"
"Audi","RS 7"
"Audi","RS e-tron GT"
"Audi","RS Q8"
"Audi","S e-tron GT"
"Audi","S3"
"Audi","S4"
"Audi","S5"
"Audi","S6"
"Audi","S6 e-tron"
"Audi","S7"
"Audi","S8"
"Audi","SQ5"
"Audi","SQ6"
"Audi","SQ6 e-tron"
"Audi","SQ7"
"Audi","SQ8"
"Audi","TT"
"Audi","TT RS"
"Audi","TTS"
"Audi","V8"
"Bugatti","Chiron"
"Bugatti","EB110"
"Bugatti","Mistral"
"Bugatti","Type 35"
"Bugatti","Type 57"
"Bugatti","Veyron"
"Bugatti","Veyron 16.4"
"DeLorean","DMC-12"
"Mitsubishi","3000"
"Mitsubishi","3000GT"
"Mitsubishi","Chariot"
"Mitsubishi","Cordia"
"Mitsubishi","Delica"
"Mitsubishi","Diamante"
"Mitsubishi","Eclipse"
"Mitsubishi","Eclipse Cross"
"Mitsubishi","Eclipse Spyder"
"Mitsubishi","Endeavor"
"Mitsubishi","Evolution"
"Mitsubishi","Expo"
"Mitsubishi","FE"
"Mitsubishi","Galant"
"Mitsubishi","GTO"
"Mitsubishi","i"
"Mitsubishi","i-MiEV"
"Mitsubishi","Jeep"
"Mitsubishi","Lancer"
"Mitsubishi","Lancer Evolution"
"Mitsubishi","Lancer Ralliart"
"Mitsubishi","Lancer Sportback"
"Mitsubishi","Medium Duty"
"Mitsubishi","Mighty Max"
"Mitsubishi","Minica"
"Mitsubishi","Minica Toppo"
"Mitsubishi","Minivan"
"Mitsubishi","Mirage"
"Mitsubishi","Mirage G4"
"Mitsubishi","Montero"
"Mitsubishi","Montero Sport"
"Mitsubishi","Outlander"
"Mitsubishi","Outlander Sport"
"Mitsubishi","Pajero"
"Mitsubishi","Pajero IO"
"Mitsubishi","Precis"
"Mitsubishi","Raider"
"Mitsubishi","RVR"
"Mitsubishi","Sigma"
"Mitsubishi","SP"
"Mitsubishi","SPX"
"Mitsubishi","Starion"
"Mitsubishi","Tredia"
"Mitsubishi","Van"
"Mitsubishi","Vanwagon"
"Austin","A30"
"Austin","A40 Somerset"
"Austin","A70"
"Austin","A90 Atlantic"
"Austin","Cooper"
"Austin","FX4"
"Austin","Mini"
"Austin","Seven"
"Morgan","Aero 8"
"Morgan","Plus 4"
"Morgan","Plus 8"
"Morgan","Roadster"
"Renault","10"
"Renault","12"
"Renault","15"
"Renault","16"
"Renault","17"
"Renault","18"
"Renault","18i"
"Renault","4"
"Renault","4CV"
"Renault","5"
"Renault","8"
"Renault","Alliance"
"Renault","Caravalle"
"Renault","Clio"
"Renault","Dauphine"
"Renault","Encore"
"Renault","Fregate"
"Renault","Fuego"
"Renault","Gordini"
"Renault","Juvaquatre"
"Renault","Le Car"
"Renault","MT"
"Renault","Sportwagon"
"Mercedes-Benz","170"
"Mercedes-Benz","1700"
"Mercedes-Benz","170D"
"Mercedes-Benz","180"
"Mercedes-Benz","180A"
"Mercedes-Benz","180D"
"Mercedes-Benz","190"
"Mercedes-Benz","190D"
"Mercedes-Benz","190E"
"Mercedes-Benz","190SL"
"Mercedes-Benz","200"
"Mercedes-Benz","200D"
"Mercedes-Benz","219"
"Mercedes-Benz","220"
"Mercedes-Benz","220A"
"Mercedes-Benz","220S"
"Mercedes-Benz","220SE"
"Mercedes-Benz","220SEb"
"Mercedes-Benz","230"
"Mercedes-Benz","230S"
"Mercedes-Benz","230SL"
"Mercedes-Benz","240"
"Mercedes-Benz","240D"
"Mercedes-Benz","240GD"
"Mercedes-Benz","250"
"Mercedes-Benz","250C"
"Mercedes-Benz","250GD"
"Mercedes-Benz","250S"
"Mercedes-Benz","250SE"
"Mercedes-Benz","250SL"
"Mercedes-Benz","260E"
"Mercedes-Benz","280"
"Mercedes-Benz","280C"
"Mercedes-Benz","280CE"
"Mercedes-Benz","280E"
"Mercedes-Benz","280GE"
"Mercedes-Benz","280S"
"Mercedes-Benz","280SE"
"Mercedes-Benz","280SEL"
"Mercedes-Benz","280SL"
"Mercedes-Benz","300B"
"Mercedes-Benz","300C"
"Mercedes-Benz","300CD"
"Mercedes-Benz","300CE"
"Mercedes-Benz","300D"
"Mercedes-Benz","300E"
"Mercedes-Benz","300GD"
"Mercedes-Benz","300GE"
"Mercedes-Benz","300S"
"Mercedes-Benz","300SD"
"Mercedes-Benz","300SDL"
"Mercedes-Benz","300SE"
"Mercedes-Benz","300SEL"
"Mercedes-Benz","300SL"
"Mercedes-Benz","300TD"
"Mercedes-Benz","300TDT"
"Mercedes-Benz","300TE"
"Mercedes-Benz","350SD"
"Mercedes-Benz","350SDL"
"Mercedes-Benz","350SL"
"Mercedes-Benz","380SE"
"Mercedes-Benz","380SEC"
"Mercedes-Benz","380SEL"
"Mercedes-Benz","380SL"
"Mercedes-Benz","380SLC"
"Mercedes-Benz","400E"
"Mercedes-Benz","400SE"
"Mercedes-Benz","400SEL"
"Mercedes-Benz","420SEL"
"Mercedes-Benz","450SE"
"Mercedes-Benz","450SEL"
"Mercedes-Benz","450SL"
"Mercedes-Benz","450SLC"
"Mercedes-Benz","500E"
"Mercedes-Benz","500SEC"
"Mercedes-Benz","500SEL"
"Mercedes-Benz","500SL"
"Mercedes-Benz","540K"
"Mercedes-Benz","560SEC"
"Mercedes-Benz","560SEL"
"Mercedes-Benz","560SL"
"Mercedes-Benz","600"
"Mercedes-Benz","600SEC"
"Mercedes-Benz","600SEL"
"Mercedes-Benz","600SL"
"Mercedes-Benz","A-Class"
"Mercedes-Benz","AMG A 35"
"Mercedes-Benz","AMG A 45"
"Mercedes-Benz","AMG GT"
"Mercedes-Benz","AMG GT 4-Door Coupé"
"Mercedes-Benz","AMG GT 43"
"Mercedes-Benz","AMG GT 53"
"Mercedes-Benz","AMG GT 63"
"Mercedes-Benz","AMG GT 73"
"Mercedes-Benz","AMG GT C"
"Mercedes-Benz","AMG GT R"
"Mercedes-Benz","AMG GT S"
"Mercedes-Benz","B Class"
"Mercedes-Benz","B 250e"
"Mercedes-Benz","C Class"
"Mercedes-Benz","C 220"
"Mercedes-Benz","C 230"
"Mercedes-Benz","C 240"
"Mercedes-Benz","C 250"
"Mercedes-Benz","C 280"
"Mercedes-Benz","C 300"
"Mercedes-Benz","C 32 AMG"
"Mercedes-Benz","C 320"
"Mercedes-Benz","C 350"
"Mercedes-Benz","C 350e"
"Mercedes-Benz","C 36 AMG"
"Mercedes-Benz","C 400"
"Mercedes-Benz","C 43 AMG"
"Mercedes-Benz","C 450"
"Mercedes-Benz","C 55 AMG"
"Mercedes-Benz","C 63 AMG"
"Mercedes-Benz","CL Class"
"Mercedes-Benz","CL 500"
"Mercedes-Benz","CL 55 AMG"
"Mercedes-Benz","CL 550"
"Mercedes-Benz","CL 600"
"Mercedes-Benz","CL 63 AMG"
"Mercedes-Benz","CL 65 AMG"
"Mercedes-Benz","CLA Class"
"Mercedes-Benz","CLA 250"
"Mercedes-Benz","CLA 35 AMG"
"Mercedes-Benz","CLA 45 AMG"
"Mercedes-Benz","CLE"
"Mercedes-Benz","CLE 300"
"Mercedes-Benz","CLE 450"
"Mercedes-Benz","CLE 53 AMG"
"Mercedes-Benz","CLK Class"
"Mercedes-Benz","CLK 320"
"Mercedes-Benz","CLK 350"
"Mercedes-Benz","CLK 430"
"Mercedes-Benz","CLK 500"
"Mercedes-Benz","CLK 55 AMG"
"Mercedes-Benz","CLK 550"
"Mercedes-Benz","CLK 63 AMG"
"Mercedes-Benz","CLS Class"
"Mercedes-Benz","CLS 400"
"Mercedes-Benz","CLS 450"
"Mercedes-Benz","CLS 500"
"Mercedes-Benz","CLS 53 AMG"
"Mercedes-Benz","CLS 55 AMG"
"Mercedes-Benz","CLS 550"
"Mercedes-Benz","CLS 63 AMG"
"Mercedes-Benz","E Class"
"Mercedes-Benz","E 250"
"Mercedes-Benz","E 280"
"Mercedes-Benz","E 300"
"Mercedes-Benz","E 320"
"Mercedes-Benz","E 320 Bluetec"
"Mercedes-Benz","E 320 CDI"
"Mercedes-Benz","E 350"
"Mercedes-Benz","E 350 Bluetec"
"Mercedes-Benz","E 400"
"Mercedes-Benz","E 420"
"Mercedes-Benz","E 43 AMG"
"Mercedes-Benz","E 430"
"Mercedes-Benz","E 450"
"Mercedes-Benz","E 500"
"Mercedes-Benz","E 53 AMG"
"Mercedes-Benz","E 55 AMG"
"Mercedes-Benz","E 550"
"Mercedes-Benz","E 63 AMG"
"Mercedes-Benz","EQB"
"Mercedes-Benz","EQC"
"Mercedes-Benz","EQE"
"Mercedes-Benz","EQS"
"Mercedes-Benz","eSprinter"
"Mercedes-Benz","G Class"
"Mercedes-Benz","G 500"
"Mercedes-Benz","G 55 AMG"
"Mercedes-Benz","G 550"
"Mercedes-Benz","G 63 AMG"
"Mercedes-Benz","G 65 AMG"
"Mercedes-Benz","Gazelle"
"Mercedes-Benz","GL Class"
"Mercedes-Benz","GL 320 Bluetec"
"Mercedes-Benz","GL 320 CDI"
"Mercedes-Benz","GL 350 Bluetec"
"Mercedes-Benz","GL 450"
"Mercedes-Benz","GL 550"
"Mercedes-Benz","GL 63 AMG"
"Mercedes-Benz","GLA Class"
"Mercedes-Benz","GLA 250"
"Mercedes-Benz","GLA 35 AMG"
"Mercedes-Benz","GLA 45 AMG"
"Mercedes-Benz","GLB Class"
"Mercedes-Benz","GLB 250"
"Mercedes-Benz","GLB 35 AMG"
"Mercedes-Benz","GLC Class"
"Mercedes-Benz","GLC 300"
"Mercedes-Benz","GLC 350e"
"Mercedes-Benz","GLC 43 AMG"
"Mercedes-Benz","GLC 63 AMG"
"Mercedes-Benz","GLE Class"
"Mercedes-Benz","GLE 300d"
"Mercedes-Benz","GLE 350"
"Mercedes-Benz","GLE 400"
"Mercedes-Benz","GLE 43 AMG"
"Mercedes-Benz","GLE 450"
"Mercedes-Benz","GLE 450 AMG"
"Mercedes-Benz","GLE 53 AMG"
"Mercedes-Benz","GLE 550e"
"Mercedes-Benz","GLE 580"
"Mercedes-Benz","GLE 63 AMG"
"Mercedes-Benz","GLK Class"
"Mercedes-Benz","GLK 250"
"Mercedes-Benz","GLK 350"
"Mercedes-Benz","GLS Class"
"Mercedes-Benz","GLS 350d"
"Mercedes-Benz","GLS 450"
"Mercedes-Benz","GLS 550"
"Mercedes-Benz","GLS 580"
"Mercedes-Benz","GLS 600"
"Mercedes-Benz","GLS 63 AMG"
"Mercedes-Benz","L1013"
"Mercedes-Benz","L1113"
"Mercedes-Benz","L1116"
"Mercedes-Benz","L1117"
"Mercedes-Benz","L1316"
"Mercedes-Benz","L1317"
"Mercedes-Benz","L1319"
"Mercedes-Benz","L1418"
"Mercedes-Benz","L1419"
"Mercedes-Benz","LP1219"
"Mercedes-Benz","LP1419"
"Mercedes-Benz","M Class"
"Mercedes-Benz","ML 250"
"Mercedes-Benz","ML 320"
"Mercedes-Benz","ML 320 Bluetec"
"Mercedes-Benz","ML 320 CDI"
"Mercedes-Benz","ML 350"
"Mercedes-Benz","ML 350 Bluetec"
"Mercedes-Benz","ML 400"
"Mercedes-Benz","ML 430"
"Mercedes-Benz","ML 450 Hybrid"
"Mercedes-Benz","ML 500"
"Mercedes-Benz","ML 55 AMG"
"Mercedes-Benz","ML 550"
"Mercedes-Benz","ML 63 AMG"
"Mercedes-Benz","Maybach S650"
"Mercedes-Benz","Metris"
"Mercedes-Benz","R Class"
"Mercedes-Benz","R 320 Bluetec"
"Mercedes-Benz","R 320 CDI"
"Mercedes-Benz","R 350"
"Mercedes-Benz","R 350 Bluetec"
"Mercedes-Benz","R 500"
"Mercedes-Benz","R 63 AMG"
"Mercedes-Benz","S Class"
"Mercedes-Benz","Maybach S 550"
"Mercedes-Benz","Maybach S 560"
"Mercedes-Benz","Maybach S 600"
"Mercedes-Benz","S 320"
"Mercedes-Benz","S 350"
"Mercedes-Benz","S 350 Bluetec"
"Mercedes-Benz","S 400 Hybrid"
"Mercedes-Benz","S 420"
"Mercedes-Benz","S 430"
"Mercedes-Benz","S 450"
"Mercedes-Benz","S 500"
"Mercedes-Benz","S 55 AMG"
"Mercedes-Benz","S 550"
"Mercedes-Benz","S 550e"
"Mercedes-Benz","S 560"
"Mercedes-Benz","S 580"
"Mercedes-Benz","S 600"
"Mercedes-Benz","S 63 AMG"
"Mercedes-Benz","S 65 AMG"
"Mercedes-Benz","SL Class"
"Mercedes-Benz","SL 320"
"Mercedes-Benz","SL 380"
"Mercedes-Benz","SL 400"
"Mercedes-Benz","SL 43 AMG"
"Mercedes-Benz","SL 450"
"Mercedes-Benz","SL 500"
"Mercedes-Benz","SL 55 AMG"
"Mercedes-Benz","SL 550"
"Mercedes-Benz","SL 600"
"Mercedes-Benz","SL 63 AMG"
"Mercedes-Benz","SL 65 AMG"
"Mercedes-Benz","SLC Class"
"Mercedes-Benz","SLC 300"
"Mercedes-Benz","SLC 43 AMG"
"Mercedes-Benz","SLK Class"
"Mercedes-Benz","SLK 230"
"Mercedes-Benz","SLK 250"
"Mercedes-Benz","SLK 280"
"Mercedes-Benz","SLK 300"
"Mercedes-Benz","SLK 32 AMG"
"Mercedes-Benz","SLK 320"
"Mercedes-Benz","SLK 350"
"Mercedes-Benz","SLK 55 AMG"
"Mercedes-Benz","SLR McLaren"
"Mercedes-Benz","SLS Class"
"Mercedes-Benz","Sprinter"
"Mercedes-Benz","T Class"
"Mercedes-Benz","Unimog"
"Mercedes-Benz","V280"
"Mercedes-Benz","W115/W114"
"Willys","Aero"
"Willys","Americar"
"Willys","CJ Series"
"Willys","CJ-2A"
"Willys","CJ-3A"
"Willys","CJ-3B"
"Willys","CJ-5"
"Willys","CJ-6"
"Willys","Delivery"
"Willys","DJ-3A"
"Willys","Jeep Station Wagon"
"Willys","Jeep Truck"
"Willys","Jeepster"
"Willys","Knight"
"Willys","M38"
"Willys","Maverick"
"Willys","Model 4"
"Willys","Model 66"
"Willys","Model 77"
"Willys","Model 90"
"Willys","Model 91"
"Willys","Panel"
"Willys","Traveller"
"Willys","Wagon"
"Willys","Whippet"
"Subaru","1300"
"Subaru","1400"
"Subaru","1600"
"Subaru","1800"
"Subaru","360"
"Subaru","Ascent"
"Subaru","B9 Tribeca"
"Subaru","Baja"
"Subaru","Brat"
"Subaru","BRZ"
"Subaru","Crosstrek"
"Subaru","DL"
"Subaru","FF-1 Star"
"Subaru","Forester"
"Subaru","GL"
"Subaru","GL-10"
"Subaru","GLF"
"Subaru","Impreza"
"Subaru","Impreza Outback Sport"
"Subaru","Justy"
"Subaru","Legacy"
"Subaru","Legacy Outback"
"Subaru","Loyale"
"Subaru","Outback"
"Subaru","RX"
"Subaru","Sambar"
"Subaru","Solterra"
"Subaru","STD"
"Subaru","SVX"
"Subaru","Tribeca"
"Subaru","Vivio"
"Subaru","WRX"
"Subaru","WRX STI"
"Subaru","XT"
"Subaru","XT6"
"Subaru","XV Crosstrek"
"Honda","600"
"Honda","Accord"
"Honda","Accord Crosstour"
"Honda","ACTY"
"Honda","Beat"
"Honda","Civic"
"Honda","Civic Type R"
"Honda","Clarity"
"Honda","CR-V"
"Honda","CR-X"
"Honda","CR-Z"
"Honda","Crosstour"
"Honda","Del Sol"
"Honda","Element"
"Honda","FCX Clarity"
"Honda","Fit"
"Honda","Fit EV"
"Honda","HR-V"
"Honda","Insight"
"Honda","Inspire"
"Honda","Life"
"Honda","Odyssey"
"Honda","Passport"
"Honda","Pilot"
"Honda","Prelude"
"Honda","Prologue"
"Honda","Ridgeline"
"Honda","S2000"
"Honda","Z"
"Citroen","2CV"
"Citroen","AMI-6"
"Citroen","AX"
"Citroen","D"
"Citroen","D21"
"Citroen","DS"
"Citroen","DS19"
"Citroen","DS21"
"Citroen","Dyane"
"Citroen","ID19"
"Citroen","Legere"
"Citroen","Mehari"
"Citroen","Normale"
"Citroen","SM"
"Citroen","Traction Avant"
"Citroen","XM"
"Austin-Healey","100"
"Austin-Healey","100-6"
"Austin-Healey","100M"
"Austin-Healey","100S"
"Austin-Healey","3000"
"Austin-Healey","3000 Mk II"
"Austin-Healey","3000 Mk III"
"Austin-Healey","Sprite"
"Austin-Healey","Sprite Mk II"
"Austin-Healey","Sprite Mk III"
"AC","289"
"AC","428"
"AC","Ace"
"AC","Aceca"
"AC","Cobra"
"AC","Saloon"
"AC","Sport"
"AC","Two-Litre"
"Pontiac","1000"
"Pontiac","2 2"
"Pontiac","2000"
"Pontiac","29"
"Pontiac","6"
"Pontiac","6000"
"Pontiac","6AA"
"Pontiac","6AB"
"Pontiac","Acadian"
"Pontiac","Astre"
"Pontiac","Aztek"
"Pontiac","Beaumont"
"Pontiac","Bonneville"
"Pontiac","Catalina"
"Pontiac","Chieftain"
"Pontiac","Custom"
"Pontiac","Deluxe"
"Pontiac","Deluxe 120"
"Pontiac","Deluxe 26"
"Pontiac","Deluxe 28"
"Pontiac","Deluxe Six"
"Pontiac","Executive"
"Pontiac","Fiero"
"Pontiac","Firebird"
"Pontiac","Trans Am"
"Pontiac","Firefly"
"Pontiac","G3"
"Pontiac","G4"
"Pontiac","G5"
"Pontiac","G6"
"Pontiac","G8"
"Pontiac","Grand Am"
"Pontiac","Grand Prix"
"Pontiac","Grand Ville"
"Pontiac","GTO"
"Pontiac","Imperial Eight"
"Pontiac","J2000"
"Pontiac","Laurentian"
"Pontiac","Grand Le Mans"
"Pontiac","Le Mans"
"Pontiac","Master Six"
"Pontiac","Matiz"
"Pontiac","Model 28"
"Pontiac","Model 302"
"Pontiac","Model 401"
"Pontiac","Model 402"
"Pontiac","Model 6-27"
"Pontiac","Model 6-28"
"Pontiac","Model 6-29A"
"Pontiac","Model 6-30B"
"Pontiac","Model 601"
"Pontiac","Model 603"
"Pontiac","Model 6CA"
"Pontiac","Model 6DA"
"Pontiac","Model 88A"
"Pontiac","Model 8DA"
"Pontiac","Montana"
"Pontiac","Montana SV6"
"Pontiac","Parisienne"
"Pontiac","Pathfinder"
"Pontiac","Phoenix"
"Pontiac","Pursuit"
"Pontiac","Quality 115"
"Pontiac","Grand Safari"
"Pontiac","Safari"
"Pontiac","Silver Streak"
"Pontiac","Solstice"
"Pontiac","Special 25"
"Pontiac","SSE"
"Pontiac","Star Chief"
"Pontiac","Streamliner"
"Pontiac","Street Rod"
"Pontiac","Sunbird"
"Pontiac","Sunburst"
"Pontiac","Sunfire"
"Pontiac","Super Chief"
"Pontiac","Super Deluxe"
"Pontiac","T-1000"
"Pontiac","Tempest"
"Pontiac","Torpedo"
"Pontiac","Torpedo 29"
"Pontiac","Torpedo JA"
"Pontiac","Torpedo JB"
"Pontiac","Torpedo JC"
"Pontiac","Torrent"
"Pontiac","Trans Sport"
"Pontiac","Transport"
"Pontiac","Ventura"
"Pontiac","Vibe"
"Pontiac","Wave"
"Edsel","Citation"
"Edsel","Corsair"
"Edsel","Pacer"
"Edsel","Ranger"
"Edsel","Villager"
"Saturn","Astra"
"Saturn","Aura"
"Saturn","Aura Green Line"
"Saturn","ION"
"Saturn","L Series"
"Saturn","L100"
"Saturn","L200"
"Saturn","L300"
"Saturn","LS"
"Saturn","LS1"
"Saturn","LS2"
"Saturn","LW Series"
"Saturn","LW"
"Saturn","LW1"
"Saturn","LW2"
"Saturn","LW200"
"Saturn","LW300"
"Saturn","Outlook"
"Saturn","Relay"
"Saturn","S Series"
"Saturn","SC Series"
"Saturn","SC"
"Saturn","SC1"
"Saturn","SC2"
"Saturn","SL Series"
"Saturn","SL"
"Saturn","SL1"
"Saturn","SL2"
"Saturn","SL3"
"Saturn","SW Series"
"Saturn","SW"
"Saturn","SW1"
"Saturn","SW2"
"Saturn","Sky"
"Saturn","Vue"
"Saturn","Vue Green Line"
"Maybach","57"
"Maybach","62"
"Maybach","Landaulet"
"RAM","1500"
"RAM","2500"
"RAM","3500"
"RAM","4000"
"RAM","4500"
"RAM","5500"
"RAM","C/V Tradesman"
"RAM","Chassis Cab"
"RAM","Chassis Cab 3500"
"RAM","Chassis Cab 4500"
"RAM","Chassis Cab 5500"
"RAM","Dakota"
"RAM","ProMaster"
"RAM","ProMaster 1500"
"RAM","ProMaster 2500"
"RAM","ProMaster 3500"
"RAM","ProMaster Chassis Cab"
"RAM","ProMaster City"
"Merkur","Scorpio"
"Merkur","XR4TI"
"Lucid","Air"
"Lucid","Gravity"
"Ariel","Atom"
"Toyota","2000 GT"
"Toyota","4Runner"
"Toyota","86"
"Toyota","Alphard"
"Toyota","Altezza"
"Toyota","Aristo"
"Toyota","Avalon"
"Toyota","bZ4X"
"Toyota","C-HR"
"Toyota","Caldina"
"Toyota","Camry"
"Toyota","Carina"
"Toyota","Celica"
"Toyota","Celsior"
"Toyota","Century"
"Toyota","Chaser"
"Toyota","Corolla"
"Toyota","Corolla Cross"
"Toyota","Corolla iM"
"Toyota","Corolla Levin"
"Toyota","GR Corolla"
"Toyota","Corona"
"Toyota","Cressida"
"Toyota","Cresta"
"Toyota","Crown"
"Toyota","Crown Majesta"
"Toyota","Crown Signia"
"Toyota","Dyna"
"Toyota","Echo"
"Toyota","Estima"
"Toyota","FCHV-adv"
"Toyota","FJ Cruiser"
"Toyota","GR86"
"Toyota","Granvia"
"Toyota","Granvia Q"
"Toyota","HiAce"
"Toyota","Grand Highlander"
"Toyota","Highlander"
"Toyota","Hilux"
"Toyota","Land Cruiser"
"Toyota","LiteAce"
"Toyota","Mark II"
"Toyota","Matrix"
"Toyota","Mega Cruiser"
"Toyota","Mirai"
"Toyota","MR2"
"Toyota","MR2 Spyder"
"Toyota","Paseo"
"Toyota","Previa"
"Toyota","Prius"
"Toyota","Prius C"
"Toyota","Prius Plug-in"
"Toyota","Prius Prime"
"Toyota","Prius V"
"Toyota","RAV4"
"Toyota","RAV4 EV"
"Toyota","RAV4 Prime"
"Toyota","Scion"
"Toyota","Scion FR-S"
"Toyota","Scion iA"
"Toyota","Scion iM"
"Toyota","Scion iQ"
"Toyota","Scion tC"
"Toyota","Scion xA"
"Toyota","Scion xB"
"Toyota","Scion xD"
"Toyota","Sequoia"
"Toyota","Sera"
"Toyota","Sienna"
"Toyota","Soarer"
"Toyota","Solara"
"Toyota","Sprinter"
"Toyota","Sprinter Trueno"
"Toyota","Starlet"
"Toyota","Stout"
"Toyota","Supra"
"Toyota","T100"
"Toyota","Tacoma"
"Toyota","Tercel"
"Toyota","Tiara"
"Toyota","TownAce"
"Toyota","Tundra"
"Toyota","Van"
"Toyota","Venza"
"Toyota","Yaris"
"Toyota","Yaris iA"
